Timestamp,Username,VideoID,Comment,Date,Cleaned_Comment,Sentiment
2024-03-11T11:27:35Z,@archanavaidya5236,xKoHH5pTVvo,Very inspiring... Just superb üòä,2024-03-11T11:27:35Z,inspiring superb,positive
2024-03-11T10:12:43Z,@babukisan2346,xKoHH5pTVvo,Hindi Mai bolo memüòÇ,2024-03-11T10:12:43Z,hindi mai bolo mem,neutral
2024-03-10T01:18:28Z,@user-yl1fm3he9g,xKoHH5pTVvo,Terrific clarity and simplicity !!,2024-03-10T01:18:28Z,terrific clarity simplicity,neutral
2024-03-08T17:16:41Z,@ourindia1457,xKoHH5pTVvo,"want to tell this to the company, that 
Gas is being stolen by someone from your company. I have a proof regarding this . Today I faced this situation 

Which is very bad and I will take strict legal action against it
I  feel that from 2 month that my refill  consume very fastly  then today I arrange a weight machine and check that then I find 1.5 kg less üò±
I am not understand who person involved under this fraud delivery employees or may be also area distributor",2024-03-08T17:16:41Z,want tell company gas stolen someone company proof regarding today faced situation bad take strict legal action feel month refill consume fastly today arrange weight machine check find kg less understand person involved fraud delivery employees may also area distributor,negative
2024-03-08T14:33:18Z,@kishorprayag7555,vdCmW2KbYIM,Really interesting to know about your journey. All the best for your future üíêüíê,2024-03-08T14:33:18Z,really interesting know journey best future,positive
2024-03-08T03:29:42Z,@sonalibhuta692,vdCmW2KbYIM,Heartiest congratulations Aveetha.. You are truly amazing ‚ù§,2024-03-08T03:29:42Z,heartiest congratulations aveetha truly amazing,positive
2024-03-07T18:24:16Z,@reshmaarole7751,vdCmW2KbYIM,Congratulations on all your achievements Aveetha! Wonderful and a  very inspiring interview ! Totally agree with your view that in order to grwo sometimes one must unlearn to learn and accept something new.,2024-03-07T18:24:16Z,congratulations achievements aveetha wonderful inspiring interview totally agree view order grwo sometimes one must unlearn learn accept something new,positive
2024-03-07T18:18:50Z,@bindukapila364,vdCmW2KbYIM,Proud of u Aveeta. Keep going‚ù§,2024-03-07T18:18:50Z,proud u aveeta keep going,positive
2024-03-07T17:31:26Z,@ankitkejriwal7239,vdCmW2KbYIM,Congrats Aveetha Mamüéâ,2024-03-07T17:31:26Z,congrats aveetha mam,neutral
2024-03-07T16:51:10Z,@chandrikaskitchenkrafts856,vdCmW2KbYIM,"Congratulations!!!!
Your journey is really motivational to many...
üëèüëèüëèüëèüëè",2024-03-07T16:51:10Z,congratulations journey really motivational many,positive
2024-03-07T15:16:37Z,@pratiktawde7427,vdCmW2KbYIM,True inspiration. congratulations & Thank you mam,2024-03-07T15:16:37Z,true inspiration congratulations thank mam,positive
2024-03-07T10:18:34Z,@prajaktaathavale4191,vdCmW2KbYIM,"Honestly, your journey is really an inspiring one and your dedication says it allüëè",2024-03-07T10:18:34Z,honestly journey really inspiring one dedication says,positive
2024-03-07T08:54:14Z,@Manoj-zv6pb,vdCmW2KbYIM,Congratulations Aveetha it's an honour and and proud moment for all of us and an inspiration to many. Our best wishes shall always be with you as you continue achieving accolades and recognition.,2024-03-07T08:54:14Z,congratulations aveetha honour proud moment us inspiration many best wishes shall always continue achieving accolades recognition,positive
2024-03-07T08:42:27Z,@raghuveernistala86,vdCmW2KbYIM,Congratulations Aveethaji !!!  Best wishes for your onward journeyüëçüëçüëç,2024-03-07T08:42:27Z,congratulations aveethaji best wishes onward journey,positive
2024-03-07T08:38:44Z,@prajaktaathavale4191,vdCmW2KbYIM,Heartiest congrats Aveetha di üéâ,2024-03-07T08:38:44Z,heartiest congrats aveetha di,neutral
2024-03-07T08:04:21Z,@user-pv2zk5jz3j,vdCmW2KbYIM,Your are truly inspiring.. congratulations and best wishes for your onward journey,2024-03-07T08:04:21Z,truly inspiring congratulations best wishes onward journey,positive
2024-03-07T08:02:53Z,@user-pv2zk5jz3j,vdCmW2KbYIM,You are truly amazing and your journey is very inspiring. Congratulations on your achievements and best wishes for your onward journey..,2024-03-07T08:02:53Z,truly amazing journey inspiring congratulations achievements best wishes onward journey,positive
2024-03-07T08:00:52Z,@KrutikaVerlekar-cj5ch,vdCmW2KbYIM,Proud of you Mam,2024-03-07T08:00:52Z,proud mam,positive
2024-03-07T07:45:21Z,@abpillay,vdCmW2KbYIM,Congratulations Aveetha ji ‚ú®Ô∏è‚ú®Ô∏è‚ú®Ô∏èon your stellar career and our best wishes for future endeavors üëçüèªüëçüèªüëçüèª,2024-03-07T07:45:21Z,congratulations aveetha ji stellar career best wishes future endeavors,positive
2024-03-07T06:09:10Z,@Gaddari_Karbe_124,vdCmW2KbYIM,Interesting story hai...,2024-03-07T06:09:10Z,interesting story hai,positive
2024-03-06T08:56:29Z,@Gaddari_Karbe_124,CcJccyanHlc,"‡§∂‡§æ‡§®‡§¶‡§æ‡§∞ ‡§ú‡§¨‡§∞‡§¶‡§∏‡•ç‡§§ ‡§ú‡§ø‡§Ç‡§¶‡§æ‡§¨‡§æ‡§¶

‡§Ü‡§ó‡•á ‡§¨‡§¢‡§º‡§§‡•á ‡§∞‡§π‡§ø‡§è!",2024-03-06T08:56:29Z,,neutral
2024-03-06T06:00:54Z,@bobysharma9686,CcJccyanHlc,Its episode no. 6,2024-03-06T06:00:54Z,episode,neutral
2024-03-12T07:12:05Z,@vijayfoundation7708,S-dMrCBSDIg,Remarkable ‚ù§,2024-03-12T07:12:05Z,remarkable,positive
2024-03-07T04:29:57Z,@user-jc1ji5kt4p,S-dMrCBSDIg,It's an inspiring and honest discussion from an accomplished professional. We look upto you Ma'm.,2024-03-07T04:29:57Z,inspiring honest discussion accomplished professional look upto mam,positive
2024-03-06T05:10:39Z,@PratibhaVAnand,S-dMrCBSDIg,#Gr8 & Gud Sapana......,2024-03-06T05:10:39Z,gr gud sapana,neutral
2024-03-05T08:52:19Z,@Gaddari_Karbe_124,S-dMrCBSDIg,Ma'am realy it's inspiring and motivational story. Keep going on  .....,2024-03-05T08:52:19Z,maam realy inspiring motivational story keep going,positive
2024-03-06T04:28:00Z,@sivaraman9592,vyx7y3Rlh6Y,Congratulationsüëç,2024-03-06T04:28:00Z,congratulations,neutral
2024-04-09T10:04:51Z,@user-qp7hz7zn1r,4pofYV3LDfg,GREETINGS TO ONE AND ALL,2024-04-09T10:04:51Z,greetings one,neutral
2024-04-04T09:28:54Z,@shinistuvert103,4pofYV3LDfg,GREETINGS TO ONE AND ALL......................,2024-04-04T09:28:54Z,greetings one,neutral
2024-03-04T12:08:22Z,@rachnaray2622,4pofYV3LDfg,My heartfelt gratitude  to HPCL for the honor .It is truly humbling and motivating to be recognized in such a way by the organization . Thanks HPCLüôèüèª . Proud to be an HPite.,2024-03-04T12:08:22Z,heartfelt gratitude hpcl honor truly humbling motivating recognized way organization thanks hpcl proud hpite,positive
2024-03-03T09:28:21Z,@dushyantsengar2716,4pofYV3LDfg,"Congratulations Mam, wonderful üéâ",2024-03-03T09:28:21Z,congratulations mam wonderful,positive
2024-03-31T23:30:16Z,@chandrashilarealtyprivatel2822,nGCXyJgD16c,So inspiring,2024-03-31T23:30:16Z,inspiring,positive
2024-03-07T04:25:13Z,@sujatabatwal1457,nGCXyJgD16c,"Too good, congratulations  nita",2024-03-07T04:25:13Z,good congratulations nita,positive
2024-03-05T08:06:45Z,@vinodkumarjain3957,nGCXyJgD16c,Congratulations Nita,2024-03-05T08:06:45Z,congratulations nita,neutral
2024-03-02T15:00:36Z,@thakursmita0207,nGCXyJgD16c,Always making us proud ‚ù§‚ù§‚ù§,2024-03-02T15:00:36Z,always making us proud,positive
2024-03-02T14:43:06Z,@brindatakley9858,nGCXyJgD16c,Way to go Nitaüëç,2024-03-02T14:43:06Z,way go nita,neutral
2024-03-02T09:42:52Z,@abhishekthakur682,nGCXyJgD16c,Nice di,2024-03-02T09:42:52Z,nice di,positive
2024-03-02T08:36:42Z,@harshita123100,nGCXyJgD16c,Super impressive. üôåüôåüôå,2024-03-02T08:36:42Z,super impressive,positive
2024-03-02T06:39:35Z,@kishorchaudhari4004,nGCXyJgD16c,Very inspiring ‚ù§‚ù§,2024-03-02T06:39:35Z,inspiring,positive
2024-03-02T06:09:38Z,@artisonijadia234,nGCXyJgD16c,Very impressive ...üéâüéâ,2024-03-02T06:09:38Z,impressive,positive
2024-03-04T05:06:09Z,@gigbit,flK818Uvd7Q,"Proud to be associated with Jolly Sony, our Iron Woman. Wishing you all the best in your career and continued success. Your dedication, punctuality and hard work inspire us all. Looking forward to witnessing your continued achievements and milestones!",2024-03-04T05:06:09Z,proud associated jolly sony iron woman wishing best career continued success dedication punctuality hard work inspire us looking forward witnessing continued achievements milestones,positive
2024-03-02T12:43:09Z,@aliaskk8256,flK818Uvd7Q,"So pround of Mrs Jolly Sony and Proud Hasban who is a college of mine, Congratulations to both of youüëçüôèüåπ",2024-03-02T12:43:09Z,pround mrs jolly sony proud hasban college mine congratulations,positive
2024-03-02T08:49:26Z,@snehalthombare4981,flK818Uvd7Q,‚ù§,2024-03-02T08:49:26Z,,neutral
2024-03-02T08:44:16Z,@priyankapatil7022,flK818Uvd7Q,üëç,2024-03-02T08:44:16Z,,neutral
2024-03-02T06:40:22Z,@kishorchaudhari4004,flK818Uvd7Q,Very inspiring üéâ‚ù§,2024-03-02T06:40:22Z,inspiring,positive
2024-03-05T11:27:16Z,@gracykuriakose4414,flK818Uvd7Q,Simple living and high thinking.Proud to be a  close chechi to Jolly and dear Sony bro.,2024-03-05T11:27:16Z,simple living high thinkingproud close chechi jolly dear sony bro,positive
2024-03-02T03:04:11Z,@leelajose5893,flK818Uvd7Q,So proud of you Jolly.True inspiration sply for our family members too..Keep going dear‚ù§,2024-03-02T03:04:11Z,proud jollytrue inspiration sply family members tookeep going dear,positive
2024-03-01T22:31:08Z,@macbethcorriea1548,flK818Uvd7Q,Truly an inspirational journey! üôå,2024-03-01T22:31:08Z,truly inspirational journey,positive
2024-03-01T17:48:25Z,@ashwell1746,flK818Uvd7Q,üëçüëçüëç,2024-03-01T17:48:25Z,,neutral
2024-03-01T17:18:17Z,@princysamuel9126,flK818Uvd7Q,"Wow what an inspirational journey, proud of your accomplishment üëèüëè",2024-03-01T17:18:17Z,wow inspirational journey proud accomplishment,positive
2024-03-01T14:39:07Z,@kushagravashishth5029,flK818Uvd7Q,üéâüéâüéâ,2024-03-01T14:39:07Z,,neutral
2024-03-01T10:12:47Z,@brindatakley9858,flK818Uvd7Q,"As an ex-colleague, now retired, I can say unequivocally  that Jolly is a person of integrity, no-nonsense  and has lived  the very traits she espouses to her mentees viz frank,transparent and empathetic, dedicated and committed to work ethic. She is an upright and honest officer, an ambassador indeed  for HPCL. My best wishes to her. 

Thanks to Ankita for bringing the story of her journey which would serve as an inspiration to many others.
Brinda Takley",2024-03-01T10:12:47Z,excolleague retired say unequivocally jolly person integrity nononsense lived traits espouses mentees viz franktransparent empathetic dedicated committed work ethic upright honest officer ambassador indeed hpcl best wishes thanks ankita bringing story journey would serve inspiration many others brinda takley,positive
2024-03-01T09:52:20Z,@selvisrinivasan4928,flK818Uvd7Q,"Commendable!!! True inspiration, strong woman   Jolly....proud of u dear!!!",2024-03-01T09:56:24Z,commendable true inspiration strong woman jollyproud u dear,positive
2024-03-01T08:53:55Z,@artisonijadia234,flK818Uvd7Q,"My complements to Ms Jolly Sony,and Ankita the anchorüéâüéâ
Excellent.....",2024-03-01T08:53:55Z,complements ms jolly sonyand ankita anchor excellent,positive
2024-06-21T04:24:59Z,@THLPG,PhTVqepVQ7E,"Hi Dear, we are professional LPG Gas Cylinder Production factory manufacturer. If you're considering to produce lpg cylinders by your own, we can help",2024-06-21T04:24:59Z,hi dear professional lpg gas cylinder production factory manufacturer youre considering produce lpg cylinders help,positive
2024-06-07T13:31:55Z,@aadarshnaidu1700,PhTVqepVQ7E,What an insightful episode. Very well explained!,2024-06-07T13:31:55Z,insightful episode well explained,neutral
2024-02-29T13:20:19Z,@mksinha55,DLWhPslD6ug,Inaudible,2024-02-29T13:20:19Z,inaudible,neutral
2023-12-21T10:59:08Z,@ujjalhaldar4669,DLWhPslD6ug,"Voice not coming üò¢, requesting to solve it",2023-12-21T10:59:08Z,voice coming requesting solve,neutral
2023-12-12T16:47:08Z,@kishorchaudhari4004,DLWhPslD6ug,Very good initiative by PRCC group.,2023-12-12T16:47:08Z,good initiative prcc group,positive
2023-12-12T11:57:58Z,@venkijntu,DLWhPslD6ug,Voice is not clear,2023-12-12T11:57:58Z,voice clear,positive
2023-12-09T16:10:53Z,@vinodshenoy9676,DLWhPslD6ug,Excellent initiative‚Ä¶,2023-12-09T16:10:53Z,excellent initiative,positive
2023-12-09T14:51:23Z,@gopesh_govt_officer,DLWhPslD6ug,Wow üëè,2023-12-09T14:51:23Z,wow,positive
2023-12-09T04:26:44Z,@anilgupta5906,DLWhPslD6ug,"Great perspective , Sir",2023-12-09T04:26:44Z,great perspective sir,positive
2023-12-05T04:00:32Z,@AN-jl5ll,DLWhPslD6ug,"Der mahina ho gaya HP gas new  connection  liye huye, payment kare huye lekin abhi tak na hp gas dealer ne koi bill diya aur nahi hp gas card, bill aur card ke bare mein pucha toh bolte hain next week,next week bol bol ke one and half month ho chuka..aap logo ki yeh kaisi service hain aur kaise dealer hain? from west bengal,south 24 pgs",2023-12-05T04:00:32Z,der mahina ho gaya hp gas new connection liye huye payment kare huye lekin abhi tak na hp gas dealer ne koi bill diya aur nahi hp gas card bill aur card ke bare mein pucha toh bolte hain next weeknext week bol bol ke one half month ho chukaaap logo ki yeh kaisi service hain aur kaise dealer hain west bengalsouth pgs,positive
2023-11-26T01:34:44Z,@peggybutler5944,DLWhPslD6ug,Promo'SM,2023-11-26T01:34:44Z,promosm,neutral
2023-11-15T06:38:40Z,@n.v.n.prasad132,DLWhPslD6ug,"HP Unplugged. It""s a great initiative by PRCC. Through these interviews from our leaders, I am sure the HP fraternity is able to gain in-depth insights of how the company is poised for scaling great heights.",2023-11-15T06:38:40Z,hp unplugged great initiative prcc interviews leaders sure hp fraternity able gain indepth insights company poised scaling great heights,positive
2023-11-14T10:27:51Z,@TheCuriosityRover,DLWhPslD6ug,No voice. Only bgm,2023-11-14T10:27:51Z,voice bgm,neutral
2023-11-13T04:39:45Z,@yuvrajsinghrathore2276,DLWhPslD6ug,Sirf music üéµüé∂üé∂ hi sunai de raha h voice kaha h ü§∑üèº‚Äç‚ôÇÔ∏èü§∑üèº‚Äç‚ôÇÔ∏è,2023-11-13T04:39:45Z,sirf music hi sunai de raha h voice kaha h,neutral
2023-11-10T16:30:55Z,@diptendud8525,DLWhPslD6ug,Yet another trend setting by Team HPCL. üôèüôèWonderful Deepavali Gift.. üôèüôè,2023-11-10T16:30:55Z,yet another trend setting team hpcl wonderful deepavali gift,positive
2023-11-10T14:36:32Z,@pratikbalpande222,DLWhPslD6ug,One of the good way to aware people that in social life how HP contribute and in the economy of the country üéâüéâ‚ù§,2023-11-10T14:36:32Z,one good way aware people social life hp contribute economy country,positive
2023-11-10T11:25:20Z,@yaminislevelup5251,DLWhPslD6ug,Excellent initiative with the right information that is the need of the hour !!!,2023-11-10T11:25:20Z,excellent initiative right information need hour,positive
2024-02-29T13:18:02Z,@mksinha55,vv0OU8tBB7E,Inaudible,2024-02-29T13:18:02Z,inaudible,neutral
2024-02-04T17:20:16Z,@kommunurinaraiah5662,vv0OU8tBB7E,HPCL great leader sir congratulations üëèüëèüëè sir,2024-02-04T17:20:16Z,hpcl great leader sir congratulations sir,positive
2024-02-04T17:18:00Z,@kommunurinaraiah5662,vv0OU8tBB7E,I am so happy sir your are the great leader üëèüëçüéä sir,2024-02-04T17:18:00Z,happy sir great leader sir,positive
2024-01-12T06:02:58Z,@adavikolanuseshagirirao7036,vv0OU8tBB7E,No voice,2024-01-12T06:02:58Z,voice,neutral
2023-12-13T13:47:37Z,@arunchakravarthik144,vv0OU8tBB7E,Not audible,2023-12-13T13:47:37Z,audible,neutral
2023-12-12T11:34:28Z,@dinakargedela9889,vv0OU8tBB7E,not audible,2023-12-12T11:34:28Z,audible,neutral
2023-12-12T10:41:20Z,@kalaichelvip5228,vv0OU8tBB7E,Great to hear from you Mr.Bharadhan,2023-12-12T10:41:20Z,great hear mrbharadhan,positive
2023-12-12T05:29:10Z,@sureshpugalenthi7632,vv0OU8tBB7E,Extremely happy to hear about the growth of organisation with the emphasis on innovation.,2023-12-12T05:29:10Z,extremely happy hear growth organisation emphasis innovation,positive
2023-12-10T06:42:40Z,@jeevansankar8150,vv0OU8tBB7E,"Not audible, please look into it",2023-12-10T06:42:40Z,audible please look,neutral
2023-12-10T06:38:56Z,@kishorchaudhari4004,vv0OU8tBB7E,Very inspirational speech. Good initiative by PRCC group. Thank you much Director sir,2023-12-10T06:38:56Z,inspirational speech good initiative prcc group thank much director sir,positive
2023-12-10T03:14:53Z,@basavapunnaraoaradhyula946,vv0OU8tBB7E,Kindly look into the audio,2023-12-10T03:14:53Z,kindly look audio,positive
2023-12-10T03:02:57Z,@rajendrapanchbhai279,vv0OU8tBB7E,Simple like his personality and impressive like his leadership traits. Well done and best wishes ‚ù§.,2023-12-10T03:02:57Z,simple like personality impressive like leadership traits well done best wishes,positive
2023-12-09T16:46:37Z,@raistarffshorts264,vv0OU8tBB7E,Background music disturbing,2023-12-09T16:46:37Z,background music disturbing,negative
2023-12-09T10:05:09Z,@ags5108,vv0OU8tBB7E,"Good insight on Expansion projects, Energy conservation and Decarbonisation and Crude to Chemicals.

One of the Idea for Innovation ‚ÄúSolidification of Petroleum products‚Ä¶like liquids to solids‚Ä¶Petrol and Diesel from liquids to Pallets or Powders ‚Äú",2023-12-09T10:05:09Z,good insight expansion projects energy conservation decarbonisation crude chemicals one idea innovation solidification petroleum productslike liquids solidspetrol diesel liquids pallets powders,neutral
2023-12-09T03:55:32Z,@anilgupta5906,vv0OU8tBB7E,"HPCL on a growth path in refining sector under your leadership, Sir",2023-12-09T03:55:32Z,hpcl growth path refining sector leadership sir,neutral
2023-12-08T15:14:14Z,@kodieswaranbaskaran7846,vv0OU8tBB7E,Super multiple personality,2023-12-08T15:14:14Z,super multiple personality,positive
2023-12-08T13:58:51Z,@barrimadhu2131,vv0OU8tBB7E,"Its quite inspiring, motivating and energizing. great. good to know and good going",2023-12-08T13:58:51Z,quite inspiring motivating energizing great good know good going,positive
2023-12-08T11:55:26Z,@davidjayarajulam1283,vv0OU8tBB7E,"Very good episode by the team PRCC 
It's an inspirational speech to all young officers
""Love your work and do it in a right manner, the success will follow""",2023-12-08T11:55:26Z,good episode team prcc inspirational speech young officers love work right manner success follow,positive
2023-12-08T10:20:52Z,@user-on2rr5sj3w,vv0OU8tBB7E,"Inspirational speech and focused roadmap, well narrated., vision are incredibly appreciated",2023-12-08T10:20:52Z,inspirational speech focused roadmap well narrated vision incredibly appreciated,positive
2023-12-07T15:36:14Z,@diptendud8525,vv0OU8tBB7E,"Yet another inspiring capsule, directly from successful leader.. truly enriching.... ""Small talk!!!!"" is actually misleading üòä.. Gratitude, for caring to share the way forward, with us.. üôè",2023-12-07T15:36:14Z,yet another inspiring capsule directly successful leader truly enriching small talk actually misleading gratitude caring share way forward us,positive
2024-02-15T13:14:26Z,@vinsonwilfred94,niivKfcW7Vg,https://www.youtube.com/watch?v=YK_j6Niw2sk&ab_channel=KLRtraveller,2024-02-15T13:14:26Z,httpswwwyoutubecomwatchvykjniwskabchannelklrtraveller,neutral
2024-02-13T10:11:49Z,@manuuk82,niivKfcW7Vg,https://youtu.be/SWnz9O5NQtc?si=Qkc5qgbxgUC_d6hA,2024-02-13T10:11:49Z,httpsyoutubeswnzonqtcsiqkcqgbxgucdha,neutral
2024-02-04T17:17:00Z,@kommunurinaraiah5662,niivKfcW7Vg,Congratulations sir üëèüëèüëè,2024-02-04T17:17:00Z,congratulations sir,neutral
2024-02-04T07:14:00Z,@RaTini-uo4dx,niivKfcW7Vg,tes,2024-02-04T07:14:00Z,tes,neutral
2023-12-29T07:28:13Z,@sandipbramhe1894,niivKfcW7Vg,"Congratulations Pujyam, belated birthday wishes! Awe inspiring individual with never give up attitude. And his singing is icing on the cake. Keep it up! üëç",2023-12-29T07:28:13Z,congratulations pujyam belated birthday wishes awe inspiring individual never give attitude singing icing cake keep,positive
2023-12-22T05:20:55Z,@989323918,niivKfcW7Vg,Really honor and best regard myself to be your teacher,2023-12-22T05:20:55Z,really honor best regard teacher,positive
2023-12-22T04:55:28Z,@dpgupta6265,niivKfcW7Vg,Congratulations and all the best wishes to Pujyam,2023-12-22T04:55:28Z,congratulations best wishes pujyam,positive
2023-12-22T03:28:59Z,@swaranjalibyns4826,niivKfcW7Vg,Swaranjali team proud of u...that u be with us,2023-12-22T03:28:59Z,swaranjali team proud uthat u us,positive
2023-12-22T03:25:38Z,@swaranjalibyns4826,niivKfcW7Vg,Bigggg congratulations  Pujyam...we all hpites proud of you...,2023-12-22T03:25:38Z,bigggg congratulations pujyamwe hpites proud,positive
2023-12-22T01:09:21Z,@sanjaysinha7044,niivKfcW7Vg,"I met this young boy in an  informal way and saw the confidence

My best wishes",2023-12-22T01:09:21Z,met young boy informal way saw confidence best wishes,positive
2023-12-21T23:54:50Z,@chandrachudpati902,niivKfcW7Vg,üíúüî•,2023-12-21T23:54:50Z,,neutral
2023-12-21T18:41:54Z,@jagrat16,niivKfcW7Vg,üî•üíï,2023-12-21T18:41:54Z,,neutral
2023-12-21T16:12:32Z,@absaleemkhan0610,niivKfcW7Vg,Indian chicken express ka popcorn aur tumhara room ka terrace pe tumhara gana ganaa ka din yiad agaye ....‚ù§,2023-12-21T16:12:32Z,indian chicken express ka popcorn aur tumhara room ka terrace pe tumhara gana ganaa ka din yiad agaye,negative
2023-12-21T16:04:07Z,@iamloking,niivKfcW7Vg,Congratulations buddy!,2023-12-21T16:04:07Z,congratulations buddy,neutral
2023-12-21T15:52:14Z,@abinashmohanty7257,niivKfcW7Vg,Pujyamüôåüôå,2023-12-21T15:52:14Z,pujyam,neutral
2023-12-21T15:47:27Z,@kanhusahu4542,niivKfcW7Vg,üî•üî•,2023-12-21T15:47:27Z,,neutral
2023-12-21T15:19:49Z,@vinayak186f3,niivKfcW7Vg,Bhai bhai üéä,2023-12-21T15:19:49Z,bhai bhai,neutral
2023-12-21T15:03:31Z,@sangramkesharighosh1698,niivKfcW7Vg,Wow,2023-12-21T15:03:31Z,wow,positive
2023-12-21T15:02:40Z,@priyaranjantiadi4365,niivKfcW7Vg,Congratulations bro üéâ,2023-12-21T15:02:40Z,congratulations bro,neutral
2023-12-21T15:01:29Z,@believinpop,niivKfcW7Vg,bhai kya gana gaya hai lovely !! Happy Birthday Bro and Wish you more success !!,2023-12-21T15:01:29Z,bhai kya gana gaya hai lovely happy birthday bro wish success,positive
2023-12-21T14:56:40Z,@swoyamjena2959,niivKfcW7Vg,"Congratulations pujiyamüéâ, I know you as one of the  most hardworking player in the college. I am sure that one day you will represent India at international level.üî•üî•

And  looking to have more late night badminton session with you and some of our friends in future üòÖ( Bhai bas apna back pain jaldi sei thik ho jayeüò¢üò¢)",2023-12-21T15:59:00Z,congratulations pujiyam know one hardworking player college sure one day represent india international level looking late night badminton session friends future bhai bas apna back pain jaldi sei thik ho jaye,positive
2023-12-22T15:50:17Z,@pujyammishra2455,niivKfcW7Vg,Sure Bhai ‚ù§Ô∏è...and get well soon,2023-12-22T15:50:17Z,sure bhai get well soon,positive
2023-12-21T14:55:42Z,@believinpop,niivKfcW7Vg,wow Congratulations bro,2023-12-21T14:55:42Z,wow congratulations bro,positive
2023-12-21T14:38:29Z,@shailpratapsinghchandel817,niivKfcW7Vg,Are pujyamüéâ,2023-12-21T14:38:29Z,pujyam,neutral
2023-12-21T14:29:33Z,@swaroopshyam9806,niivKfcW7Vg,"Congratulations pugyam , the song , the journey, the flight against odds üéâüéâ",2023-12-21T14:29:33Z,congratulations pugyam song journey flight odds,neutral
2023-12-21T13:55:46Z,@nalinipanda5646,niivKfcW7Vg,Hats off to Punyam. An inspiration for many. Congratulations and best wishes to the talented young man.,2023-12-21T13:55:46Z,hats punyam inspiration many congratulations best wishes talented young man,positive
2023-12-21T13:53:48Z,@minakshimishra5025,niivKfcW7Vg,Wonderful  God bless you,2023-12-21T13:53:48Z,wonderful god bless,positive
2023-12-21T13:49:45Z,@user-lc7dc6zh2k,niivKfcW7Vg,üî•üî•üî•,2023-12-21T13:49:45Z,,neutral
2023-12-21T13:45:31Z,@rahulrizu,niivKfcW7Vg,Happy Birthday üéâ,2023-12-21T13:45:31Z,happy birthday,positive
2023-12-21T13:43:52Z,@minakshimishra5025,niivKfcW7Vg,Happy birthday and be blessed,2023-12-21T13:43:52Z,happy birthday blessed,positive
2023-12-21T13:31:02Z,@niharikatandi9914,niivKfcW7Vg,üéâ‚ù§,2023-12-21T13:31:02Z,,neutral
2023-12-21T13:30:18Z,@VishalKumar-sc9ep,niivKfcW7Vg,"Congratulations ‚ù§
And Happy Birthday Kid üéâ",2023-12-21T13:30:18Z,congratulations happy birthday kid,positive
2024-03-27T04:33:20Z,@kanchanbasak8458,x6M40cEN-zQ,Very proud of you. üßøKeep working hard.,2024-03-27T04:33:20Z,proud keep working hard,positive
2024-03-18T05:14:10Z,@vijayanandrane2262,x6M40cEN-zQ,"It's a great achievement, proud of Arup Sir. Especially being a HP Employee, it's a proud moment for all HPCL employees. Salute to Arup Sir",2024-03-18T05:14:10Z,great achievement proud arup sir especially hp employee proud moment hpcl employees salute arup sir,positive
2024-03-13T12:02:27Z,@meenathegreat7389,x6M40cEN-zQ,"Sir please also use this platform for EDP ,skill India ,and child of hpcl telent",2024-03-13T12:02:27Z,sir please also use platform edp skill india child hpcl telent,neutral
2024-05-05T18:46:13Z,@rohitsharma8118,U6iPoP599ow,"hpcl privatisation hona chahiye bhot jda corruption h yha officer 16 lack ctc kam pdta tabhi itna corruption h Delhi Terminal tikri me officer and 2 gat TT driver and conductor on the spot chori krte hue pkde gye HR saket kamboj, vigilance department, general manager  laxmi nagar me informed bhi kiya inhone officer bachaane k driver ko suspend krdia bs, baki kuchh nhi kiya video audio proof chori k hote hue bhi koi action nhi liya Delhi terminal tikri me last year ki baat h pta krlena hpcl North zone me laxmi nagar me bhi",2024-05-05T18:46:13Z,hpcl privatisation hona chahiye bhot jda corruption h yha officer lack ctc kam pdta tabhi itna corruption h delhi terminal tikri officer gat tt driver conductor spot chori krte hue pkde gye hr saket kamboj vigilance department general manager laxmi nagar informed bhi kiya inhone officer bachaane k driver ko suspend krdia bs baki kuchh nhi kiya video audio proof chori k hote hue bhi koi action nhi liya delhi terminal tikri last year ki baat h pta krlena hpcl north zone laxmi nagar bhi,positive
2024-05-05T18:46:01Z,@rohitsharma8118,U6iPoP599ow,"hpcl privatisation hona chahiye bhot jda corruption h yha officer 16 lack ctc kam pdta tabhi itna corruption h Delhi Terminal tikri me officer and 2 gat TT driver and conductor on the spot chori krte hue pkde gye HR saket kamboj, vigilance department, general manager  laxmi nagar me informed bhi kiya inhone officer bachaane k driver ko suspend krdia bs, baki kuchh nhi kiya video audio proof chori k hote hue bhi koi action nhi liya Delhi terminal tikri me last year ki baat h pta krlena hpcl North zone me laxmi nagar me bhi",2024-05-05T18:46:01Z,hpcl privatisation hona chahiye bhot jda corruption h yha officer lack ctc kam pdta tabhi itna corruption h delhi terminal tikri officer gat tt driver conductor spot chori krte hue pkde gye hr saket kamboj vigilance department general manager laxmi nagar informed bhi kiya inhone officer bachaane k driver ko suspend krdia bs baki kuchh nhi kiya video audio proof chori k hote hue bhi koi action nhi liya delhi terminal tikri last year ki baat h pta krlena hpcl north zone laxmi nagar bhi,positive
2024-05-05T18:45:48Z,@rohitsharma8118,U6iPoP599ow,"hpcl privatisation hona chahiye bhot jda corruption h yha officer 16 lack ctc kam pdta tabhi itna corruption h Delhi Terminal tikri me officer and 2 gat TT driver and conductor on the spot chori krte hue pkde gye HR saket kamboj, vigilance department, general manager  laxmi nagar me informed bhi kiya inhone officer bachaane k driver ko suspend krdia bs, baki kuchh nhi kiya video audio proof chori k hote hue bhi koi action nhi liya Delhi terminal tikri me last year ki baat h pta krlena hpcl North zone me laxmi nagar me bhi....",2024-05-05T18:45:48Z,hpcl privatisation hona chahiye bhot jda corruption h yha officer lack ctc kam pdta tabhi itna corruption h delhi terminal tikri officer gat tt driver conductor spot chori krte hue pkde gye hr saket kamboj vigilance department general manager laxmi nagar informed bhi kiya inhone officer bachaane k driver ko suspend krdia bs baki kuchh nhi kiya video audio proof chori k hote hue bhi koi action nhi liya delhi terminal tikri last year ki baat h pta krlena hpcl north zone laxmi nagar bhi,positive
2024-05-03T08:37:14Z,@shubhamjha5552,U6iPoP599ow,Distributor Kaise len,2024-05-03T08:37:14Z,distributor kaise len,neutral
2024-05-02T03:08:30Z,@damodharansharikkal6376,U6iPoP599ow,"Excellent presentation. 
Revived old memories with HPCL. My Officer Trainee days & beyond. Best of luck to Team HPCL in all their new initiatives.",2024-05-02T03:08:30Z,excellent presentation revived old memories hpcl officer trainee days beyond best luck team hpcl new initiatives,positive
2024-05-13T18:57:46Z,@rohitsharma8118,U6iPoP599ow,"hpcl privatisation hona chahiye bhot jda corruption h yha officer 16 lack ctc kam pdta tabhi itna corruption h Delhi Terminal tikri me officer and 2 gat TT driver and conductor on the spot chori krte hue pkde gye HR saket kamboj, vigilance department, general manager  laxmi nagar me informed bhi kiya inhone officer bachaane k driver ko suspend krdia bs, baki kuchh nhi kiya video audio proof chori k hote hue bhi koi action nhi liya Delhi terminal tikri me last year ki baat h pta krlena hpcl North zone me laxmi nagar me bhi",2024-05-13T18:57:46Z,hpcl privatisation hona chahiye bhot jda corruption h yha officer lack ctc kam pdta tabhi itna corruption h delhi terminal tikri officer gat tt driver conductor spot chori krte hue pkde gye hr saket kamboj vigilance department general manager laxmi nagar informed bhi kiya inhone officer bachaane k driver ko suspend krdia bs baki kuchh nhi kiya video audio proof chori k hote hue bhi koi action nhi liya delhi terminal tikri last year ki baat h pta krlena hpcl north zone laxmi nagar bhi,positive
2024-05-01T02:27:02Z,@puranamprakash5479,U6iPoP599ow,"Director HR has once again demonstrated their expertise and vision, sharing invaluable insights into HR strategies aimed at enhancing employee engagement and retention. With their guidance, HPCL is poised to ascend as a dominant leader in the energy sector, setting new standards for excellence. Sudipto's consistent excellence is commendable, contributing significantly to the company's success. Well done indeed!",2024-05-01T02:27:02Z,director hr demonstrated expertise vision sharing invaluable insights hr strategies aimed enhancing employee engagement retention guidance hpcl poised ascend dominant leader energy sector setting new standards excellence sudiptos consistent excellence commendable contributing significantly companys success well done indeed,positive
2024-05-13T18:57:00Z,@rohitsharma8118,U6iPoP599ow,"hpcl privatisation hona chahiye bhot jda corruption h yha officer 16 lack ctc kam pdta tabhi itna corruption h Delhi Terminal tikri me officer and 2 gat TT driver and conductor on the spot chori krte hue pkde gye HR saket kamboj, vigilance department, general manager  laxmi nagar me informed bhi kiya inhone officer bachaane k driver ko suspend krdia bs, baki kuchh nhi kiya video audio proof chori k hote hue bhi koi action nhi liya Delhi terminal tikri me last year ki baat h pta krlena hpcl North zone me laxmi nagar me bhi",2024-05-13T18:57:00Z,hpcl privatisation hona chahiye bhot jda corruption h yha officer lack ctc kam pdta tabhi itna corruption h delhi terminal tikri officer gat tt driver conductor spot chori krte hue pkde gye hr saket kamboj vigilance department general manager laxmi nagar informed bhi kiya inhone officer bachaane k driver ko suspend krdia bs baki kuchh nhi kiya video audio proof chori k hote hue bhi koi action nhi liya delhi terminal tikri last year ki baat h pta krlena hpcl north zone laxmi nagar bhi,positive
2024-04-30T17:19:36Z,@samarrizwi8277,U6iPoP599ow,"Amazing interview to Watch. One advise, background Music is not required. Pls. get it removed.",2024-04-30T17:19:36Z,amazing interview watch one advise background music required pls get removed,positive
2024-04-30T16:24:33Z,@sanjaysinha7044,U6iPoP599ow,Very good initiative,2024-04-30T16:24:33Z,good initiative,positive
2024-04-30T16:15:40Z,@krishanlal7164,U6iPoP599ow,A great leader of a great company,2024-04-30T16:15:40Z,great leader great company,positive
2024-05-13T18:58:17Z,@rohitsharma8118,U6iPoP599ow,"hpcl privatisation hona chahiye bhot jda corruption h yha officer 16 lack ctc kam pdta tabhi itna corruption h Delhi Terminal tikri me officer and 2 gat TT driver and conductor on the spot chori krte hue pkde gye HR saket kamboj, vigilance department, general manager  laxmi nagar me informed bhi kiya inhone officer bachaane k driver ko suspend krdia bs, baki kuchh nhi kiya video audio proof chori k hote hue bhi koi action nhi liya Delhi terminal tikri me last year ki baat h pta krlena hpcl North zone me laxmi nagar me bhi",2024-05-13T18:58:17Z,hpcl privatisation hona chahiye bhot jda corruption h yha officer lack ctc kam pdta tabhi itna corruption h delhi terminal tikri officer gat tt driver conductor spot chori krte hue pkde gye hr saket kamboj vigilance department general manager laxmi nagar informed bhi kiya inhone officer bachaane k driver ko suspend krdia bs baki kuchh nhi kiya video audio proof chori k hote hue bhi koi action nhi liya delhi terminal tikri last year ki baat h pta krlena hpcl north zone laxmi nagar bhi,positive
2024-05-24T02:36:57Z,@kishorchaudhari4004,s28XePHvMPI,Excellent ‚ù§,2024-05-24T02:36:57Z,excellent,positive
2024-05-16T04:15:29Z,@subhashmehta2270,s28XePHvMPI,‚ù§ EXCELLENT,2024-05-16T04:15:29Z,excellent,positive
2024-05-13T19:03:11Z,@rohitsharma8118,s28XePHvMPI,"hpcl privatisation hona chahiye bhot jda corruption h yha officer 16 lack ctc kam pdta tabhi itna corruption h Delhi Terminal tikri me officer and 2 gat TT driver and conductor on the spot chori krte hue pkde gye HR saket kamboj, vigilance department, general manager  laxmi nagar me informed bhi kiya inhone officer bachaane k driver ko suspend krdia bs, baki kuchh nhi kiya video audio proof chori k hote hue bhi koi action nhi liya Delhi terminal tikri me last year ki baat h pta krlena hpcl North zone me laxmi nagar me bhi",2024-05-13T19:03:11Z,hpcl privatisation hona chahiye bhot jda corruption h yha officer lack ctc kam pdta tabhi itna corruption h delhi terminal tikri officer gat tt driver conductor spot chori krte hue pkde gye hr saket kamboj vigilance department general manager laxmi nagar informed bhi kiya inhone officer bachaane k driver ko suspend krdia bs baki kuchh nhi kiya video audio proof chori k hote hue bhi koi action nhi liya delhi terminal tikri last year ki baat h pta krlena hpcl north zone laxmi nagar bhi,positive
2024-05-13T20:40:24Z,@Gaddari_Karbe_124,s28XePHvMPI,‡§∞‡§æ‡§Ç‡§ö‡•Ä ‡§Ø‡§æ ‡§Ü‡§ó‡§∞‡§æ ‡§Æ‡•á‡§Ç‡§ü‡§≤ ‡§π‡•â‡§∏‡•ç‡§™‡§ø‡§ü‡§≤ ‡§Æ‡•á‡§Ç ‡§è‡§ï ‡§∏‡•Ä‡§ü ‡§ñ‡§æ‡§≤‡•Ä ‡§π‡•à ‡§§‡•Å‡§Æ ‡§ú‡•à‡§∏‡•á ‡§≤‡•ã‡§ó ‡§ï‡•á ‡§≤‡§ø‡§è ‡§ù‡•ã‡§≤‡§æ ‡§â‡§†‡§æ ‡§ï‡•á ‡§ö‡§≤‡•á ‡§ú‡§æ‡§ì‡•§,2024-05-13T20:40:24Z,,neutral
2024-05-14T03:01:00Z,@rohitsharma8118,s28XePHvMPI,‚Äã@@Gaddari_Karbe_124sachai accha nahi lgta kia sunne me pta krle fir bolio ek din CBI investigation hoga yha bs koi pdna nahi chhta inn lafde me pta krle North zone me fir bol smjha,2024-05-14T03:01:00Z,gaddarikarbesachai accha nahi lgta kia sunne pta krle fir bolio ek din cbi investigation hoga yha bs koi pdna nahi chhta inn lafde pta krle north zone fir bol smjha,neutral
2024-05-14T03:11:47Z,@Gaddari_Karbe_124,s28XePHvMPI,"‡§Ö‡§¨‡•á ‡§Ö‡§Ç‡§ó‡•ç‡§∞‡•á‡§ú ‡§ï‡•á ‡§™‡•Ç‡§§ ‡§≤‡§´‡§∞‡§æ ‡§Æ‡•á‡§Ç ‡§™‡§°‡§º‡§®‡§æ ‡§®‡§π‡•Ä‡§Ç ‡§ö‡§æ‡§π‡§§‡§æ ‡§§‡•ã ‡§ù‡§æ‡§Ç‡§ü‡•Ç ‡§®‡•á‡§§‡§æ ‡§ï‡§æ‡§π‡•á ‡§¨‡§® ‡§∞‡§π‡§æ ‡§π‡•à‡•§
‡§ö‡•ã‡§∞ ‡§ï‡•á ‡§î‡§≤‡§æ‡§¶ ‡§ï‡•ã ‡§π‡§∞ ‡§ú‡§ó‡§π ‡§ö‡•ã‡§∞ ‡§π‡•Ä ‡§¶‡§ø‡§ñ‡§§‡§æ ‡§π‡•à‡•§",2024-05-14T03:11:47Z,,neutral
2024-05-13T11:20:49Z,@Gaddari_Karbe_124,s28XePHvMPI,"Sir ek bar CMD sir ka v interview lijiye....

Narayan sir ka interview information se bhara hua hai...",2024-05-13T11:20:49Z,sir ek bar cmd sir ka v interview lijiye narayan sir ka interview information se bhara hua hai,neutral
2024-05-13T19:06:46Z,@rohitsharma8118,s28XePHvMPI,"hpcl privatisation hona chahiye bhot jda corruption h yha officer 16 lack ctc kam pdta tabhi itna corruption h Delhi Terminal tikri me officer and 2 gat TT driver and conductor on the spot chori krte hue pkde gye HR saket kamboj, vigilance department, general manager  laxmi nagar me informed bhi kiya inhone officer bachaane k driver ko suspend krdia bs, baki kuchh nhi kiya video audio proof chori k hote hue bhi koi action nhi liya Delhi terminal tikri me last year ki baat h pta krlena hpcl North zone me laxmi nagar me bhi",2024-05-13T19:06:46Z,hpcl privatisation hona chahiye bhot jda corruption h yha officer lack ctc kam pdta tabhi itna corruption h delhi terminal tikri officer gat tt driver conductor spot chori krte hue pkde gye hr saket kamboj vigilance department general manager laxmi nagar informed bhi kiya inhone officer bachaane k driver ko suspend krdia bs baki kuchh nhi kiya video audio proof chori k hote hue bhi koi action nhi liya delhi terminal tikri last year ki baat h pta krlena hpcl north zone laxmi nagar bhi,positive
2024-05-13T20:25:38Z,@Gaddari_Karbe_124,s28XePHvMPI,"If you feel there is Corruption  in HPCL then you should contact with CBI , ED, Income tax department which is right place for you.

‡§™‡•ç‡§∞‡§æ‡§á‡§µ‡•á‡§ü‡§æ‡§á‡§ú‡•á‡§∂‡§® ‡§ï‡•á ‡§¨‡§æ‡§§ ‡§™‡§∞ ‡§Æ‡•à‡§Ç ‡§Ø‡•á ‡§∏‡§≤‡§æ‡§π ‡§¶‡•Ç‡§Ç‡§ó‡§æ ‡§ï‡§ø ‡§è‡§∂‡§ø‡§Ø‡§æ ‡§ï‡§æ ‡§∏‡§¨‡§∏‡•á ‡§¨‡§°‡§º‡§æ ‡§∞‡§ø‡§´‡§æ‡§á‡§®‡§∞‡•Ä ‡§∞‡§ø‡§≤‡§æ‡§Ø‡§Ç‡§∏ ‡§á‡§Ç‡§°‡§∏‡•ç‡§ü‡•ç‡§∞‡•Ä‡§ú ‡§ï‡§æ ‡§ú‡§æ‡§Æ‡§®‡§ó‡§∞ ‡§ó‡•Å‡§ú‡§∞‡§æ‡§§ ‡§Æ‡•á‡§Ç ‡§π‡•à ‡§§‡•Å‡§Æ ‡§â‡§∏‡•Ä ‡§∏‡•á ‡§™‡•á‡§ü‡•ç‡§∞‡•ã‡§≤‡§ø‡§Ø‡§Æ ‡§™‡•ç‡§∞‡•ã‡§°‡§ï‡•ç‡§ü ‡§ñ‡§∞‡•Ä‡§¶‡§®‡§æ‡•§
‡§ï‡§ø‡§∏‡§ï‡•ã ‡§ï‡§ø‡§§‡§®‡§æ ‡§∏‡•à‡§≤‡§∞‡•Ä ‡§Æ‡§ø‡§≤‡§§‡§æ ‡§π‡•à ‡§Ø‡•á ‡§°‡§ø‡§∏‡§æ‡§á‡§° ‡§∏‡•á‡§≤‡•á‡§ï‡•ç‡§∏‡§® ‡§™‡•ç‡§∞‡•ã‡§∏‡•á‡§∏, ‡§ï‡§æ‡§∞‡•ç‡§Ø ‡§Ö‡§®‡•Å‡§≠‡§µ ‡§î‡§∞ ‡§è‡§°‡•Ç‡§ï‡•á‡§∂‡§® ‡§≤‡•á‡§µ‡§≤ ‡§∏‡•á ‡§π‡•ã‡§§‡§æ ‡§π‡•à‡•§ ‡§§‡•Å‡§Æ ‡§≠‡•Ä ‡§µ‡•à‡§∏‡§æ ‡§ï‡§∞ ‡§∏‡§ï‡§§‡•á ‡§π‡•ã‡§Ç ‡§§‡•ã ‡§§‡•Å‡§Æ‡•ç‡§π‡•á‡§Ç ‡§≠‡•Ä ‡§Æ‡§ø‡§≤‡•á‡§ó‡§æ‡•§",2024-05-13T20:25:38Z,feel corruption hpcl contact cbi ed income tax department right place,positive
2024-05-14T03:04:41Z,@rohitsharma8118,s28XePHvMPI,‚Äã@@Gaddari_Karbe_124hpcl vigilance kis liye mtlb officer ko bachane k liye bs baki investigation hoga CBI ek na ek din ruk ja bhai,2024-05-14T03:04:41Z,gaddarikarbehpcl vigilance kis liye mtlb officer ko bachane k liye bs baki investigation hoga cbi ek na ek din ruk ja bhai,neutral
2024-05-14T03:18:11Z,@Gaddari_Karbe_124,s28XePHvMPI,"‡§∏‡§∏‡•ç‡§§‡§æ ‡§®‡§∂‡§æ ‡§ï‡§∞ ‡§≤‡§ø‡§Ø‡§æ ‡§π‡•à ‡§ï‡§æ ‡§¨‡•á
‡§ö‡•ã‡§∞_‡§™‡•Ç‡§§ ‡§ú‡§æ‡§ï‡§∞ CBI, ED, IT department ‡§Æ‡•á‡§Ç ‡§¨‡§æ‡§§ ‡§ï‡§∞‡•ã ‡§® ‡§ï‡•ã‡§à ‡§∞‡•ã‡§ï ‡§∞‡§ñ‡§æ ‡§π‡•à ‡§§‡•Å‡§Æ‡•ç‡§π‡•á‡§Ç

‡§Ö‡§Ç‡§¨‡§æ‡§®‡•Ä_‡§Ö‡§Ç‡§°‡§æ‡§®‡•Ä ‡§ï‡•á ‡§¨‡§°‡§º‡§π‡§∞‡§µ‡§æ ‡§ö‡§æ‡§ü‡•ã",2024-05-14T03:18:11Z,cbi ed department,neutral
2024-06-21T18:47:27Z,@HariNaagKNaidu-nn1ht,7K83OxQpoxU,"Sir, it was a heartfelt conversation conducted in a very straightforward manner without any diplomacy & complicated jargon / terms / twists. It was both inspiring and provided a great sense of comfort to employees and customers alike.",2024-06-21T18:47:27Z,sir heartfelt conversation conducted straightforward manner without diplomacy complicated jargon terms twists inspiring provided great sense comfort employees customers alike,positive
2024-04-21T05:30:21Z,@puranamprakash5479,7K83OxQpoxU,Excellent articulation of speech . Great interview by Sudipto . Director emphasis on improving customer experience at our energy supplies is truly commendable,2024-04-21T05:30:21Z,excellent articulation speech great interview sudipto director emphasis improving customer experience energy supplies truly commendable,positive
2024-03-03T16:15:49Z,@Shahid-ol2mv,7K83OxQpoxU,"Great Interview. However, I believe that it could have been better without this background music.",2024-03-03T16:15:49Z,great interview however believe could better without background music,positive
2024-03-02T13:05:31Z,@maheshkumshas1022,7K83OxQpoxU,Superb Articulation! Inspirational leader ‚ú¥Ô∏èüí™,2024-03-02T13:05:31Z,superb articulation inspirational leader,positive
2024-03-02T06:07:27Z,@payalagarwal76,7K83OxQpoxU,"2nd Mar'24, #HP #Pump #Subhashchowk #Gurgaon filled 70.5L of diesel (on auto-cut) in a tank of 70L with apprx 7L already in tank, net 77L, duping #customers #hindustanpetroleum #diesel #petrol #fuel #Haryana #cmoharyana #mlkhattar",2024-03-02T06:07:27Z,nd mar hp pump subhashchowk gurgaon filled l diesel autocut tank l apprx l already tank net l duping customers hindustanpetroleum diesel petrol fuel haryana cmoharyana mlkhattar,positive
2024-03-01T14:42:03Z,@kushagravashishth5029,7K83OxQpoxU,üéâ,2024-03-01T14:42:03Z,,neutral
2024-03-01T08:12:48Z,@sethumuthuramalingammalaya3168,7K83OxQpoxU,"Sir,wonderful and great speach . Implementation of 48 hours outlet will ldefinetly will lead to great experiance and will help the business to a great extend‚ù§üéâ",2024-03-01T08:12:48Z,sirwonderful great speach implementation hours outlet ldefinetly lead great experiance help business great extend,positive
2024-02-29T13:26:19Z,@mksinha55,7K83OxQpoxU,Calm and confident director !,2024-02-29T13:26:19Z,calm confident director,positive
2024-02-29T02:00:17Z,@rajeshnarayan3656,7K83OxQpoxU,Sir it was a very open hearted talk in a very simplified manner without any big jargons...it was inspiring and offering a comfort level to employees as well as Customers....üéâüéâ,2024-02-29T02:00:17Z,sir open hearted talk simplified manner without big jargonsit inspiring offering comfort level employees well customers,positive
2024-02-28T16:14:49Z,@user-pn3ke9xx3u,7K83OxQpoxU,"Your attitude regarding communication defines your altitude. Under your leadership HP will have an endless progression. 

Preya Gas - Chennai",2024-02-28T16:14:49Z,attitude regarding communication defines altitude leadership hp endless progression preya gas chennai,negative
2024-02-28T16:12:10Z,@srinivastumuluri4109,7K83OxQpoxU,"A truly inspirational message from a maestro of Oil Industry. Apart from the underlying message, the way it has been conveyed and the body language associated with that conveying makes the talk more special and endearing.",2024-02-28T16:12:10Z,truly inspirational message maestro oil industry apart underlying message way conveyed body language associated conveying makes talk special endearing,positive
2024-02-28T15:37:34Z,@n.v.n.prasad132,7K83OxQpoxU,An inspirational and thought provoking interview..... Great,2024-02-28T15:37:34Z,inspirational thought provoking interview great,positive
2024-02-28T15:22:20Z,@jainsbh,7K83OxQpoxU,"Sir, you have really spoken from your heart. Loved your people centric approach.",2024-02-28T15:22:20Z,sir really spoken heart loved people centric approach,positive
2024-02-28T14:47:31Z,@umangraj142,7K83OxQpoxU,"Yes we should consider thought and satisfaction level of people who we are serving and act accordingly, 
Very inspirational talk, i aspire to be a leader like him.
I am hopeful to become HP-ite giving interview shortly üòâ",2024-02-28T14:47:31Z,yes consider thought satisfaction level people serving act accordingly inspirational talk aspire leader like hopeful become hpite giving interview shortly,positive
2024-02-28T12:30:27Z,@pranawsinha9694,7K83OxQpoxU,"Insightful and Inspirational, thanks again sir ..",2024-02-28T12:30:27Z,insightful inspirational thanks sir,positive
2024-02-28T11:00:03Z,@subirkumarsomadder2316,7K83OxQpoxU,Insightful,2024-02-28T11:00:03Z,insightful,neutral
2024-02-28T10:21:55Z,@mr.indiancrazy3982,7K83OxQpoxU,"New advertisement LPG dealership in Rajsthan Location, Tibbi Nagarpalika Pin 335526",2024-02-28T10:21:55Z,new advertisement lpg dealership rajsthan location tibbi nagarpalika pin,positive
2024-05-29T12:03:16Z,@raghubirsinghrana2220,K24N0_B3nM8,"Excellent understanding of refinery business.

Thank you Shri Ratan Raj Ji for fostering a work environment where we feel valued for and encouraged to do our best.

Good job by team HP unplugged . Keep it up !!",2024-05-29T12:03:16Z,excellent understanding refinery business thank shri ratan raj ji fostering work environment feel valued encouraged best good job team hp unplugged keep,positive
2024-05-25T02:51:57Z,@srinivasaraokankanala3418,K24N0_B3nM8,"Sir, we are fortunate to work under your leadership. Very good interview.",2024-05-25T02:51:57Z,sir fortunate work leadership good interview,positive
2024-05-24T04:18:04Z,@samarendubhattacharya3162,K24N0_B3nM8,"It is very proud and golden moment in my life before my superannuation on 30th September 2024 to see  the improvement, enhancements, Modernization of Visag Refinery under the leadership of our respected ED Visag Refinery Shri Ratan Raj for the betterment of energy sector In India for the time to come.",2024-05-24T04:18:04Z,proud golden moment life superannuation th september see improvement enhancements modernization visag refinery leadership respected ed visag refinery shri ratan raj betterment energy sector india time come,positive
2024-05-23T14:45:54Z,@user-ou7ms2xi7r,K24N0_B3nM8,Excellent interview. This interview explains the position of company and the future plans.,2024-05-23T14:45:54Z,excellent interview interview explains position company future plans,positive
2024-05-23T04:03:22Z,@Gaddari_Karbe_124,K24N0_B3nM8,Very nice interview.,2024-05-23T04:03:22Z,nice interview,positive
2024-05-23T01:30:37Z,@muralidharvaddi2959,K24N0_B3nM8,Excellent interview,2024-05-23T01:30:37Z,excellent interview,positive
2024-05-23T00:58:50Z,@bugathamurali368,K24N0_B3nM8,Very good interview.,2024-05-23T00:58:50Z,good interview,positive
2024-05-22T18:41:17Z,@psmurthy8945,K24N0_B3nM8,Excellent interview. It was nice listening to all those vital contributions made by Sh.Ratan Raj for the growth of HPCL in Refining over the years.,2024-05-22T18:46:08Z,excellent interview nice listening vital contributions made shratan raj growth hpcl refining years,positive
2024-05-22T17:33:16Z,@samarrizwi8277,K24N0_B3nM8,"It was an amazing watch. I would like to advise all HPites to must watch this. This is the best way to know what‚Äôs going ON in our company and where do  management see HPCL in short and long run.
Good One üëç",2024-05-22T17:33:16Z,amazing watch would like advise hpites must watch best way know whats going company management see hpcl short long run good one,positive
2024-06-17T13:06:48Z,@bbbraju,LcfA_Od8DhM,"Congratulations , Veerabhadra Rao garu.",2024-06-17T13:06:48Z,congratulations veerabhadra rao garu,neutral
2024-06-16T03:56:51Z,@pvsnraju8767,LcfA_Od8DhM,"Congratulations,
Veera bhadra Rao Garu.
~ P V S N Raju.",2024-06-16T03:56:51Z,congratulations veera bhadra rao garu p v n raju,neutral
2024-06-15T18:23:37Z,@BaljeetSingh-ee5nx,LcfA_Od8DhM,Nicely narrated your professional journey from Engineer Maintenance to ED VRMP. Sir really your journey is remarkable and inspiring for all of us. I am proud of your team during my tenure in VRMP. You are very good human being and understand emotions of your team. I along with my family Wishing you and your family a very happy and healthy 2nd inningüéâ‚ù§,2024-06-15T18:23:37Z,nicely narrated professional journey engineer maintenance ed vrmp sir really journey remarkable inspiring us proud team tenure vrmp good human understand emotions team along family wishing family happy healthy nd inning,positive
2024-06-15T14:35:20Z,@chandrakishore5742,LcfA_Od8DhM,"Excellent journey sir .. very much inspiring to all of us .. under your leadership Visakh Refinery sky lines have been changed , through put mazimized and major units of VRMP i.e 9 MMTPA CDU4, Full conversion hydrocarcker, two trains of 360 TPD SRU block , two trains of HGU and utility units successfully completed and commissioning completed..The achievement will be remembered for ever and it is a great opportunity for us to be part in this successful VRMP project journey and so many valuable learnings from you.  Thank you sir..",2024-06-15T14:35:20Z,excellent journey sir much inspiring us leadership visakh refinery sky lines changed put mazimized major units vrmp ie mmtpa cdu full conversion hydrocarcker two trains tpd sru block two trains hgu utility units successfully completed commissioning completedthe achievement remembered ever great opportunity us part successful vrmp project journey many valuable learnings thank sir,positive
2024-06-14T09:37:02Z,@MuraliKrishnaJ-gk4bs,LcfA_Od8DhM,Very inspiring.,2024-06-14T09:37:02Z,inspiring,positive
2024-06-13T09:24:34Z,@srinivaskasturi7314,LcfA_Od8DhM,You are explained your journey in HPCL very well Sir,2024-06-13T17:07:25Z,explained journey hpcl well sir,neutral
2022-07-20T05:54:33Z,@s_badgujar,Z455wE_lFnE,Sir please share video of HP Gaurav award 2021 in Mumbai,2022-07-20T05:54:33Z,sir please share video hp gaurav award mumbai,neutral
2022-07-06T05:58:29Z,@r.ssolarsolutions5291,Z455wE_lFnE,plz share videos of hp gourav award 2013 programe at lemon tree hotel gaziabad,2022-07-06T05:58:29Z,plz share videos hp gourav award programe lemon tree hotel gaziabad,neutral
2022-06-04T05:28:08Z,@shinistuvert103,Z455wE_lFnE,GREETINGS!!!!!!!!!!!!!!!,2022-06-04T05:28:08Z,greetings,neutral
2021-04-02T23:23:04Z,@raisingh3677,Z455wE_lFnE,hpcl cng machine opretr job mai promotion kahan tak Hoti Hai Sar please mujhe bataen,2021-04-02T23:23:04Z,hpcl cng machine opretr job mai promotion kahan tak hoti hai sar please mujhe bataen,neutral
2021-03-26T08:12:26Z,@archanadwivedi6877,Z455wE_lFnE,Kon.ha.re.tu,2021-03-26T08:12:26Z,konharetu,neutral
2021-03-25T18:27:44Z,@bandugjumde40,Z455wE_lFnE,"üëåüèªüëåüèªüëåüèªüëåüèªüëåüèª, ‡§ó‡•å‡§∞‡§µ ‡§™‡•Å‡§∞‡§∏‡•ç‡§ï‡§æ‡§∞ ‡§Æ‡§ø‡§≤‡§®‡•á ‡§µ‡§æ‡§≤‡•á ‡§π‡§Æ‡§æ‡§∞‡•á ‡§∏‡§≠‡•Ä ‡§∏‡§æ‡§•‡§ø‡§Ø‡•ã‡§Ç‡§ï‡•ã ‡§ï‡•ã ,,üåπüåπüåπ‡§¨‡§ß‡§æ‡§à , üåπüåπüåπ,, ‡§π‡§Æ‡•á ‡§è‡§ö,‡§™‡•Ä,‡§∏‡•Ä,‡§è‡§≤ , ‡§™‡§∞ ‡§ó‡§∞‡•ç‡§µ ‡§π‡•à,,  ‡§π‡§Æ‡§æ‡§∞‡•Ä ‡§è‡§ö, ‡§™‡•Ä, ‡§∏‡•Ä, ‡§è‡§≤, ‡§ú‡§ø‡§Ç‡§¶‡§æ‡§¨‡§æ‡§¶,  üëãüëãüëãüëãüëã",2021-03-25T18:27:44Z,,neutral
2021-03-25T18:22:29Z,@JustEntertainment777,Z455wE_lFnE,‚ù§,2021-03-25T18:22:29Z,,neutral
2023-02-03T09:31:31Z,@saikatbiswas1640,pv6LymclkUo,Can't Login,2023-02-03T09:31:31Z,cant login,neutral
2021-01-12T16:01:47Z,@dhariwal_official.,pv6LymclkUo,Very nice payment plateform,2021-01-12T16:01:47Z,nice payment plateform,positive
2020-09-09T11:29:54Z,@bhimanarwade4412,pv6LymclkUo,Kam krne walo ka bagar bhi badao jara 6000 me kam karte hai..,2020-09-09T11:29:54Z,kam krne walo ka bagar bhi badao jara kam karte hai,neutral
2020-07-19T17:47:03Z,@vikramjha4963,pv6LymclkUo,Are mera to ek payment FASA so Abhi tak refund nahi Mila hau na Jane kitna complaint kiye par koi fayda nahi,2020-07-19T17:47:03Z,mera ek payment fasa abhi tak refund nahi mila hau na jane kitna complaint kiye par koi fayda nahi,negative
2020-07-18T08:45:06Z,@sharvanshreevlogs3732,pv6LymclkUo,No cashback on purchase from HP pay,2020-07-18T08:45:06Z,cashback purchase hp pay,neutral
2021-08-02T17:56:54Z,@pawangohite,_g9yXvt0Jg4,Hulcut h,2021-08-02T17:56:54Z,hulcut h,neutral
2021-08-02T17:55:04Z,@pawangohite,_g9yXvt0Jg4,Fraud h isme sundari anshul,2021-08-02T17:55:04Z,fraud h isme sundari anshul,neutral
2021-04-15T14:07:07Z,@sramamoorthy2975,_g9yXvt0Jg4,"Hp  has a down mkt .because I bought some  shares but now it is 100 rs less .oil coy IOC also 100 rs less now .hp organization  is seems to be good .but not in sharemkt.
May be I'm less knowledge abt hpcl.",2021-04-15T14:07:07Z,hp mkt bought shares rs less oil coy ioc also rs less hp organization seems good sharemkt may im less knowledge abt hpcl,positive
2020-12-02T06:41:42Z,@nitingoltar7241,_g9yXvt0Jg4,‡§Æ‡•á‡§∞‡•ã ‡§ï‡•ã ‡§π‡§ø‡§®‡•ç‡§¶‡•Å‡§∏‡•ç‡§§‡§æ‡§® ‡§™‡•á‡§ü‡•ã‡§≤ ‡§™‡§Ç‡§™ ‡§ñ‡•ã‡§≤‡§®‡•á ‡§ï‡§æ ‡§π‡•à 2020 ‡§Æ‡•á ‡§™‡•á‡§ü‡•ã‡§≤ ‡§™‡§Ç‡§™ ‡§ñ‡•ã‡§≤‡§®‡•á ‡§ï‡§æ ‡§π‡•à ‡§Ø‡§π ‡§®‡§Ç‡§¨‡§∞ ‡§™‡§∞ ‡§Æ‡•Å‡§ù‡•á ‡§´‡•ã‡§® ‡§ï‡§∞‡•ã 9913411092 ‡§∞‡§æ‡§ú‡•ç‡§Ø ‡§ó‡•Å‡§ú‡§∞‡§æ‡§§ ‡§ú‡§ø‡§≤‡•ç‡§≤‡§æ ‡§Æ‡•ã‡§∞‡§¨‡•Ä ‡§π‡§æ‡§á‡§µ‡•á ‡§™‡§∞ ‡§ú‡§Æ‡•Ä‡§® ‡§π‡•à,2020-12-02T06:41:42Z,,neutral
2020-10-03T17:07:59Z,@imrankhanimrankhan5780,_g9yXvt0Jg4,I liked,2020-10-03T17:07:59Z,liked,positive
2020-09-15T13:32:47Z,@mohammadfaisal6579,_g9yXvt0Jg4,When the of advisement for gas agency,2020-09-15T13:32:47Z,advisement gas agency,neutral
2020-01-07T16:38:12Z,@shashidharyadav4208,_g9yXvt0Jg4,Make video in Kannada language plz,2020-01-07T16:38:12Z,make video kannada language plz,neutral
2018-07-19T13:15:01Z,@ragininagraj1651,_g9yXvt0Jg4,Good hpcl Pradeep m,2018-07-19T13:15:01Z,good hpcl pradeep,positive
2018-06-07T18:06:50Z,@balishpankaj5225,_g9yXvt0Jg4,Want to open a retail outlet,2018-06-07T18:06:50Z,want open retail outlet,neutral
2019-12-14T10:22:22Z,@warrior_singh111,_g9yXvt0Jg4,"Bekar business hai...
Mera petrol pump hai hp ka...
Sab investment dealer ko karna pada..
Koi khaas sale nai hui to 1 -2 lakh ka profit hi milega

1 cr investment karo
Aur 10 saal tak recovery hi karte raho",2019-12-14T10:22:22Z,bekar business hai mera petrol pump hai hp ka sab investment dealer ko karna pada koi khaas sale nai hui lakh ka profit hi milega cr investment karo aur saal tak recovery hi karte raho,neutral
2022-07-12T15:18:24Z,@AmitSingh-oz9fh,_g9yXvt0Jg4,@@warrior_singh111 Bhai contact numbar please,2022-07-12T15:18:24Z,warriorsingh bhai contact numbar please,neutral
2022-07-12T15:27:41Z,@warrior_singh111,_g9yXvt0Jg4,@@AmitSingh-oz9fh kaam batao,2022-07-12T15:27:41Z,amitsinghozfh kaam batao,neutral
2022-07-12T15:31:07Z,@AmitSingh-oz9fh,_g9yXvt0Jg4,@@warrior_singh111 bhai petrol pump ki jankari chahiye,2022-07-12T15:31:07Z,warriorsingh bhai petrol pump ki jankari chahiye,neutral
2022-07-12T15:34:26Z,@warrior_singh111,_g9yXvt0Jg4,"@@AmitSingh-oz9fh bataya to bekar business hai,
Ab mere pump ke pehele 3 pump khul gaye,koi sale nai,koi profit nai ..
Company ko koi matlab nai Dealer se,",2022-07-12T15:34:26Z,amitsinghozfh bataya bekar business hai ab mere pump ke pehele pump khul gayekoi sale naikoi profit nai company ko koi matlab nai dealer se,negative
2022-07-12T15:42:42Z,@warrior_singh111,_g9yXvt0Jg4,"@@AmitSingh-oz9fh agar 1-2 cr laga k business kholna hai,to aur koi factory dal lo,jada chalegi,",2022-07-12T15:42:42Z,amitsinghozfh agar cr laga k business kholna haito aur koi factory dal lojada chalegi,neutral
2022-07-12T16:00:00Z,@AmitSingh-oz9fh,_g9yXvt0Jg4,Diesel Or petrol me commision kitna h,2022-07-12T16:00:00Z,diesel petrol commision kitna h,neutral
2022-07-12T16:06:54Z,@warrior_singh111,_g9yXvt0Jg4,"@@AmitSingh-oz9fh PSU pumps pe diesel pe 2‚Çπ
Petrol pe 3-3.5‚Çπ
Bas",2022-07-12T16:06:54Z,amitsinghozfh psu pumps pe diesel pe petrol pe bas,neutral
2022-07-12T16:09:50Z,@warrior_singh111,_g9yXvt0Jg4,"@@AmitSingh-oz9fh Air inflator machine khud lagani padti hai,uske liye ek extra staff rakhna padega,
3 mahine mai Survey hote hai,Kuch bhi kami nikli to Fine laga deti hai Company,
Gov departments ko Humesa ghus deni padti hai,.
Customer Malik ko ake gali de skta hai,agar Toilet gandi hai to,...
Dunia ko lagega aap crore kama rahe ho,par aap apni staff ki salary tak nai nikal paoge bht cases main",2022-07-12T16:10:59Z,amitsinghozfh air inflator machine khud lagani padti haiuske liye ek extra staff rakhna padega mahine mai survey hote haikuch bhi kami nikli fine laga deti hai company gov departments ko humesa ghus deni padti hai customer malik ko ake gali de skta haiagar toilet gandi hai dunia ko lagega aap crore kama rahe hopar aap apni staff ki salary tak nai nikal paoge bht cases main,positive
2018-01-16T18:27:22Z,@sakibafridi8605,_g9yXvt0Jg4,Mujhe petrol pump kholna hai 9415645344,2018-01-16T18:27:22Z,mujhe petrol pump kholna hai,neutral
2018-01-26T11:58:55Z,@Shubham-Bhanpurkar,_g9yXvt0Jg4,Muzhe partner  chahye petrol pump ke lia   koi interested ho to 8989505468 pe contact kare,2018-01-26T11:58:55Z,muzhe partner chahye petrol pump ke lia koi interested ho pe contact kare,positive
2022-07-12T16:12:30Z,@warrior_singh111,_g9yXvt0Jg4,"Marna hai to khol le,..Bht bekar business hai,Malik ki koi nai chalti,
Compny ki hi chlti hai,
Factory khol le...Profit nai hota to band bhi kar skte ho, petrol pump 30 saal tak nahi band kar skte,apki zameen company ke hath chali jati hai",2022-07-12T16:12:30Z,marna hai khol lebht bekar business haimalik ki koi nai chalti compny ki hi chlti hai factory khol leprofit nai hota band bhi kar skte ho petrol pump saal tak nahi band kar skteapki zameen company ke hath chali jati hai,neutral
2018-01-01T16:12:17Z,@BISWAJITROY-vk7uf,_g9yXvt0Jg4,open petrolpamp please contact to me 8637069166,2018-01-01T16:12:17Z,open petrolpamp please contact,neutral
2019-10-22T10:30:27Z,@kranirudh7071,fJoxdbh38eU,Bahut chori karta hai aapake peteol pump wale sale chor chor gain,2019-10-22T10:30:27Z,bahut chori karta hai aapake peteol pump wale sale chor chor gain,neutral
2019-06-10T10:50:20Z,@electricalproducts8609,fJoxdbh38eU,‡§∏‡§æ‡§≤‡•á ‡§ö‡•ã‡§∞ ‡§∏‡§∞ ‡§ú‡•Ä ‡§Ü‡§™‡§ï‡•á ‡§™‡•à‡§ü‡•ç‡§∞‡•ã‡§≤ ‡§™‡§Æ‡•ç‡§™ ‡§µ‡§æ‡§≤‡•á ‡§§‡•á‡§≤ ‡§¨‡§π‡•Å‡§§ ‡§π‡•Ä ‡§ï‡§Æ ‡§ê‡§µ‡§∞‡•á‡§ú,2019-06-10T10:50:20Z,,neutral
2019-05-10T01:59:31Z,@newsouthleopackersandmover4201,fJoxdbh38eU,"*New South Leo Packers and movers*
http://www.newsouthleopackers.com/",2019-05-10T01:59:31Z,new south leo packers movers httpwwwnewsouthleopackerscom,positive
2021-09-01T07:19:48Z,@virajmahakal3343,1VSkGL1KzN8,"Mera cardval8d khatam hua hai
Age vale card kaise mangavaye",2021-09-01T07:19:48Z,mera cardvald khatam hua hai age vale card kaise mangavaye,neutral
2020-05-15T10:39:03Z,@sambasivamilktransport3493,1VSkGL1KzN8,how to block hp diesel card online,2020-05-15T10:39:03Z,block hp diesel card online,neutral
2019-12-21T09:39:12Z,@munchikmunna,1VSkGL1KzN8,"Can u plz provide me address from where i can get this card, in delhi",2019-12-21T09:39:29Z,u plz provide address get card delhi,neutral
2021-06-05T11:37:55Z,@telugumoviebuzz2768,1VSkGL1KzN8,From hpcl petrol bunk,2021-06-05T11:37:55Z,hpcl petrol bunk,neutral
2019-05-10T02:01:41Z,@newsouthleopackersandmover4201,1VSkGL1KzN8,http://www.newsouthleopackers.com/,2019-05-10T02:01:41Z,httpwwwnewsouthleopackerscom,neutral
2023-07-08T08:40:55Z,@MdShafi-oy7ne,_qTZ_WzlRRo,Contact number de,2023-07-08T08:40:55Z,contact number de,neutral
2019-07-10T08:17:54Z,@ramnath5454,_qTZ_WzlRRo,"In other 10 years petrol pump business would become useless

At one side govt is going full swing with electric vehicles with subsidies

Maruti Suzuki is stopping diesel production next april 2020 and getting to electric by 2022

There are already enough pumps who are facing crisis on national highways

Once electric(EV) becomes statutory it would be steep fall for all OMCs in india

As the volume of EV increase the price will come down and eventually it would be a death call to petrol pumps

It would be equivalent to landline becoming obsolete after mobile phone arrival

Hence investigate every bit before applying for petrol stations

The govt on one side warns on banning conventional fuels and on the other side invites for new pumps

Perhaps it's just to make money for equipment manufacturers and dilute your hard earned money

Hence be calculative and study the market throughly before putting your leg into this field",2019-07-10T08:17:54Z,years petrol pump business would become useless one side govt going full swing electric vehicles subsidies maruti suzuki stopping diesel production next april getting electric already enough pumps facing crisis national highways electricev becomes statutory would steep fall omcs india volume ev increase price come eventually would death call petrol pumps would equivalent landline becoming obsolete mobile phone arrival hence investigate every bit applying petrol stations govt one side warns banning conventional fuels side invites new pumps perhaps make money equipment manufacturers dilute hard earned money hence calculative study market throughly putting leg field,positive
2019-05-01T09:35:53Z,@akhaleshkumar3963,_qTZ_WzlRRo,HP Chandradeep fuels shekhupur hathwant firozabad,2019-05-01T09:35:53Z,hp chandradeep fuels shekhupur hathwant firozabad,neutral
2019-01-04T18:42:02Z,@dineshgehlot4148,_qTZ_WzlRRo,"Last date kya h  ,kya govt.servant form fill  up kr sakta  plz reply",2019-01-04T18:42:02Z,last date kya h kya govtservant form fill kr sakta plz reply,neutral
2019-01-04T18:40:02Z,@dineshgehlot4148,_qTZ_WzlRRo,Hello sir,2019-01-04T18:40:02Z,hello sir,neutral
2018-12-23T10:03:31Z,@shivendrasingh6858,_qTZ_WzlRRo,"last date kab hai..??

date and time...???",2018-12-23T10:03:31Z,last date kab hai date time,neutral
2018-12-11T11:04:01Z,@noorhakeem3682,_qTZ_WzlRRo,Thanks,2018-12-11T11:04:01Z,thanks,positive
2018-12-05T07:06:51Z,@satyaprakash5175,ZkKwGKSq12k,"Please tell.me
How much time taken for joining letter after once gives medical test in hpcl for graduate apprenticeship training.
I give my medical test at Lucknow on 30 November 2108 .",2018-12-05T07:06:51Z,please tellme much time taken joining letter gives medical test hpcl graduate apprenticeship training give medical test lucknow november,positive
2018-04-01T08:14:58Z,@AzadSingh-ed7vg,ZkKwGKSq12k,Paytm,2018-04-01T08:14:58Z,paytm,neutral
2018-04-01T08:14:47Z,@AzadSingh-ed7vg,ZkKwGKSq12k,Paytm,2018-04-01T08:14:47Z,paytm,neutral
2017-05-07T18:01:38Z,@sandhyadesale7687,qIapOwVT35k,old hindi song 1990 kumar sonu,2017-05-07T18:01:38Z,old hindi song kumar sonu,positive
2017-04-13T05:29:45Z,@karanbhalla101,qIapOwVT35k,"Hello Sir,
Greeting !
We introduce ourselves as the only video destination of India having more than 100 million video streams monthly. If you are interested in promoting the video content being produced in your channel, kindly revert for more details.
Further please find the list of our content partners on the below mentioned link.
http://veblr.com/our-partners
Looking forward to hearing from you.
Thanks with Regards
Karan Bhalla
Karan@veblr.com
+91-8375919945",2017-04-13T05:29:45Z,hello sir greeting introduce video destination india million video streams monthly interested promoting video content produced channel kindly revert details please find list content partners mentioned link httpveblrcomourpartners looking forward hearing thanks regards karan bhalla karanveblrcom,positive
2024-02-14T04:34:28Z,@user-ym5ry8ef9o,e_eOQqm3klY,Veri bad,2024-02-14T04:34:28Z,veri bad,negative
2022-03-31T18:26:46Z,@RawLu.,e_eOQqm3klY,Russian Warmonger Supporters.,2022-03-31T18:26:46Z,russian warmonger supporters,neutral
2022-01-29T08:54:37Z,@kishorpadhi3429,e_eOQqm3klY,Beautiful ‚ù§Ô∏è,2022-01-29T08:54:37Z,beautiful,positive
2024-04-04T13:37:43Z,@lakshmidevasena6877,Q-tHy60l-JQ,Back ground music is too loud,2024-04-04T13:37:43Z,back ground music loud,positive
2019-09-20T14:06:52Z,@udtapunjab5455,Q-tHy60l-JQ,Lol,2019-09-20T14:06:52Z,lol,positive
2017-08-08T11:41:27Z,@pravinhadke03,TPNodqExF-M,Well made video,2017-08-08T11:41:27Z,well made video,neutral
2017-08-08T11:31:10Z,@superindiatech4590,TPNodqExF-M,"My country is blooming and improving now,  super it can be done by togetherness",2017-08-08T11:31:10Z,country blooming improving super done togetherness,positive
2021-08-11T17:11:45Z,@mayurpradhan1100,PHmbwJkHq18,Superb ‚ù§‚úå,2021-08-11T17:11:45Z,superb,positive
2020-10-02T19:17:14Z,@annadsouza9555,PHmbwJkHq18,Awesome film üëç Good message! Brilliant direction. Congratulations Anuraag and team üéâ God bless üéä Must watch üëè,2020-10-02T19:17:14Z,awesome film good message brilliant direction congratulations anuraag team god bless must watch,positive
2020-10-02T10:49:25Z,@zeekopaedia16,PHmbwJkHq18,"Amazing direction by Anurag Talpade, the story line and concept is so apt for our new generations!!",2020-10-02T10:50:28Z,amazing direction anurag talpade story line concept apt new generations,positive
2020-10-04T16:36:57Z,@addlife2009,PHmbwJkHq18,Thank you very much Zeenaida,2020-10-04T16:36:57Z,thank much zeenaida,positive
2020-10-02T10:27:32Z,@1vamcreations,PHmbwJkHq18,"Neat & Clean concept, well made film üëçüëå",2020-10-02T10:27:32Z,neat clean concept well made film,positive
2020-10-02T06:49:48Z,@rangazep,PHmbwJkHq18,Very nice üëåüëåüëå liked the concept too..üíêüíêüíê,2020-10-02T06:49:48Z,nice liked concept,positive
2020-10-02T04:40:49Z,@shrutikulkarni1518,PHmbwJkHq18,Nece..consept and as always great team work...beautiful framing and direction..ü§óüòäüëåüëåüëåüëèüëèüëèüëè Congratulationsüíêüíêüíê,2020-10-02T04:40:49Z,nececonsept always great team workbeautiful framing direction congratulations,positive
2020-08-02T09:58:26Z,@kumarsumit4227,PHmbwJkHq18,Very Well conceptualized & impactfull Swachhta Message..,2020-08-02T09:59:02Z,well conceptualized impactfull swachhta message,neutral
2020-08-03T07:49:19Z,@addlife2009,PHmbwJkHq18,Thank you very much,2020-08-03T07:49:19Z,thank much,positive
2020-07-31T18:17:18Z,@swaratalpade8556,PHmbwJkHq18,"Very good film with a great message of swachhata through a sweet story on friendship.
Great work HPCL.",2020-07-31T18:17:18Z,good film great message swachhata sweet story friendship great work hpcl,positive
2020-07-31T14:16:32Z,@ajayghasing5304,PHmbwJkHq18,Jay hind,2020-07-31T14:16:32Z,jay hind,neutral
2020-07-31T09:44:50Z,@TruptiTalpade,PHmbwJkHq18,"Awesome and a meaningful film.
This film took us back to the world of friendship.",2020-07-31T09:44:50Z,awesome meaningful film film took us back world friendship,positive
2020-08-03T07:51:03Z,@addlife2009,PHmbwJkHq18,Thank you very much,2020-08-03T07:51:03Z,thank much,positive
2020-07-31T06:24:50Z,@gerardcasmero9124,PHmbwJkHq18,"Superb  ,very good  direction by Anurag Talpade",2020-07-31T06:24:50Z,superb good direction anurag talpade,positive
2020-08-03T07:50:07Z,@addlife2009,PHmbwJkHq18,Thank you G√©rard,2020-08-03T07:50:07Z,thank grard,neutral
2020-07-31T05:15:39Z,@sunay1985,PHmbwJkHq18,"Sukhwinder Singh very nice film made by HPCL mumbai refinery team... Congratulations
Nice concept to educated our self on why Sawatach Bharat Abhiyan important. 
Thank you for making such video üëçüëå",2020-07-31T05:15:39Z,sukhwinder singh nice film made hpcl mumbai refinery team congratulations nice concept educated self sawatach bharat abhiyan important thank making video,positive
2020-08-03T07:49:40Z,@addlife2009,PHmbwJkHq18,Thank you very much,2020-08-03T07:49:40Z,thank much,positive
2020-07-30T17:10:17Z,@ratnashreejadhav7492,PHmbwJkHq18,Nice subject,2020-07-30T17:10:17Z,nice subject,positive
2020-08-03T07:50:36Z,@addlife2009,PHmbwJkHq18,Thank you very much,2020-08-03T07:50:36Z,thank much,positive
2020-07-30T17:08:50Z,@ratnashreejadhav7492,PHmbwJkHq18,Very nice film,2020-07-30T17:08:50Z,nice film,positive
2020-07-30T16:47:26Z,@vijayhirve1271,PHmbwJkHq18,Very good film. Good message.,2020-07-30T16:47:26Z,good film good message,positive
2020-08-03T07:50:19Z,@addlife2009,PHmbwJkHq18,Thank you very much,2020-08-03T07:50:19Z,thank much,positive
2020-07-30T16:45:30Z,@sangeetahirve3604,PHmbwJkHq18,Mastüëåüëåüëçüëç,2020-07-30T16:45:30Z,mast,neutral
2020-08-03T07:50:48Z,@addlife2009,PHmbwJkHq18,Thank you very much,2020-08-03T07:50:48Z,thank much,positive
2020-07-30T16:42:10Z,@AvtarSingh-su9oo,PHmbwJkHq18,"Great beginning Sukhwinder veer and team. All the best 
Regards Avtar",2020-07-30T16:42:10Z,great beginning sukhwinder veer team best regards avtar,positive
2020-07-30T14:03:26Z,@sujithsasidharan9380,PHmbwJkHq18,Good Concept,2020-07-30T14:03:26Z,good concept,positive
2020-08-03T07:49:53Z,@addlife2009,PHmbwJkHq18,Thank you very much,2020-08-03T07:49:53Z,thank much,positive
2021-02-18T13:18:31Z,@Varun-uq4jr,1980YkkfizU,Do you think your natak is followed by HPCL pumps in india,2021-02-18T13:18:31Z,think natak followed hpcl pumps india,neutral
2017-04-26T13:20:30Z,@nirojkumar3258,bmwv_QyUIUA,sir something diffrent in your lecture,2017-04-26T13:20:30Z,sir something diffrent lecture,neutral
2018-08-24T05:49:32Z,@goludhakadmahendradhakad4597,ryL5wI6hz44,Sir HPCL.   HMEL    me job kese milegi sir plz bathaiye my dream h sir company me work karne ka,2018-08-24T05:49:32Z,sir hpcl hmel job kese milegi sir plz bathaiye dream h sir company work karne ka,neutral
2017-05-10T02:52:16Z,@paul-cu7md,ryL5wI6hz44,"Hpcl has transformed the lives of billions of people wherever they are . they have make life of persons each day memorable to live.
 proud to be part of them - customer.",2017-05-10T02:52:16Z,hpcl transformed lives billions people wherever make life persons day memorable live proud part customer,positive
2020-12-13T04:48:45Z,@rubiniruby5308,QT2DjmgIIOQ,üåπüíêüíê,2020-12-13T04:48:45Z,,neutral
2020-12-08T03:30:24Z,@sairaj5756,QT2DjmgIIOQ,What is the term lease of Ghatkesar HPCL ?,2020-12-08T03:30:24Z,term lease ghatkesar hpcl,neutral
2018-06-12T19:02:22Z,@revalc6969,QT2DjmgIIOQ,Proud be a part of HPCL..,2018-06-12T19:02:22Z,proud part hpcl,positive
2019-05-30T13:24:57Z,@himashuraj6179,QT2DjmgIIOQ,Sir please guide me for skill test of hpcl,2019-05-30T13:24:57Z,sir please guide skill test hpcl,neutral
2018-03-04T06:26:09Z,@vishnusrivastava8161,QT2DjmgIIOQ,Proud of HP ex employee of LIL/FR MUMBAI FROM 1971 to 2008.,2018-03-04T06:26:09Z,proud hp ex employee lilfr mumbai,positive
2019-01-16T16:54:30Z,@mukteshwardolas9396,QT2DjmgIIOQ,Good,2019-01-16T16:54:30Z,good,positive
2017-04-28T08:16:12Z,@patelpradeep2169,rv6YGbXmYwg,pyar tune kya kiya,2017-04-28T08:16:12Z,pyar tune kya kiya,neutral
2024-06-05T04:52:58Z,@srinivaskasturi7314,8NYs_LLLTPo,"Ms Poonam                             you are explained your first-line role and difficulty very good .
Srinivas Kasturi 
Retired Employee 
VISAKH REFINERY",2024-06-05T04:52:58Z,ms poonam explained firstline role difficulty good srinivas kasturi retired employee visakh refinery,positive
2023-04-09T05:18:57Z,@AjendrayadavTinku-sr9qi,8NYs_LLLTPo,Thanks visitor hpcl,2023-04-09T05:18:57Z,thanks visitor hpcl,positive
2023-03-25T06:24:51Z,@phanikumar2995,8NYs_LLLTPo,Mana Visakhapatnam lo Crude Refine cheyadam enti.....Manaki LPG Gas Reserved vundadam enti...LPG Gas Cylinders Price Should be Reduced....Manam Gas import ekuvu ga chesukomu kada ...,2023-03-25T06:24:51Z,mana visakhapatnam lo crude refine cheyadam entimanaki lpg gas reserved vundadam entilpg gas cylinders price reducedmanam gas import ekuvu ga chesukomu kada,negative
2023-01-15T17:21:10Z,@4beats862,8NYs_LLLTPo,But no drinking water and wash rooms for contractor employees,2023-01-15T17:21:10Z,drinking water wash rooms contractor employees,neutral
2022-08-15T09:41:54Z,@hiddeninfobyayyappa5778,8NYs_LLLTPo,"https://youtu.be/PSmRm8vfev8

Above particularly for HPCL employees",2022-08-15T09:41:54Z,httpsyoutubepsmrmvfev particularly hpcl employees,positive
2022-01-23T19:05:05Z,@pramod4458,8NYs_LLLTPo,https://youtube.com/channel/UC4BVhKvbAqSZSpxokl1jszQ,2022-01-23T19:05:05Z,httpsyoutubecomchannelucbvhkvbaqszspxokljszq,neutral
2021-09-23T00:37:01Z,@kishornitnaware5625,8NYs_LLLTPo,üôèüôè,2021-09-23T00:37:01Z,,neutral
2021-09-05T07:09:17Z,@anandpanna5660,8NYs_LLLTPo,Kaha ye company,2021-09-05T07:09:17Z,kaha ye company,neutral
2021-09-08T16:14:08Z,@Sourav_MadridCF,8NYs_LLLTPo,Mumbai,2021-09-08T16:14:08Z,mumbai,neutral
2021-10-02T19:05:37Z,@techchampionsupport3863,8NYs_LLLTPo,Any helper job pls tell me,2021-10-02T19:05:37Z,helper job pls tell,neutral
2021-08-16T19:09:10Z,@mularam774,8NYs_LLLTPo,j‚òª√û,2021-08-16T19:09:10Z,j,neutral
2021-08-02T18:04:19Z,@pawangohite,8NYs_LLLTPo,Sundari hulcut,2021-08-02T18:04:19Z,sundari hulcut,neutral
2021-05-25T11:44:29Z,@realtalks9472,8NYs_LLLTPo,When we r going to electric vehicles why we need additional refineries ...in the country ??,2021-05-25T11:44:29Z,r going electric vehicles need additional refineries country,neutral
2021-09-08T16:13:43Z,@Sourav_MadridCF,8NYs_LLLTPo,Electric vehicles ek saal mein nehi hoga...,2021-09-08T16:13:43Z,electric vehicles ek saal mein nehi hoga,neutral
2021-03-13T05:22:19Z,@realworld4618,8NYs_LLLTPo,We really appreciate your service. But you better watchout your agencies. They always charge more than what we are charged every time. not everyone can afford to give extra Rs. 17-20 every month. People are afraid to complaint since the agency people are not good (even my mother stopped me from complaining on your online platform),2021-03-13T05:22:19Z,really appreciate service better watchout agencies always charge charged every time everyone afford give extra rs every month people afraid complaint since agency people good even mother stopped complaining online platform,positive
2021-02-17T12:25:25Z,@AmitKumar-zf2cv,8NYs_LLLTPo,Hum work kar chuke hai yanha par,2021-02-17T12:25:25Z,hum work kar chuke hai yanha par,neutral
2021-01-06T14:18:26Z,@kamleshgodara4530,8NYs_LLLTPo,Good work,2021-01-06T14:18:26Z,good work,positive
2020-12-12T07:44:13Z,@rulaminsekh2622,8NYs_LLLTPo,üôè,2020-12-12T07:44:13Z,,neutral
2020-12-11T07:30:11Z,@prashantgandhi8435,8NYs_LLLTPo,Nice one,2020-12-11T07:30:11Z,nice one,positive
2020-12-10T09:12:56Z,@rijitd4885,8NYs_LLLTPo,First view and first like,2020-12-10T09:12:56Z,first view first like,positive
2018-12-09T12:22:50Z,@bankamusicpresents9904,LazLPWtt7Hc,gas connenction portal par video sir,2018-12-09T12:22:50Z,gas connenction portal par video sir,neutral
2024-03-20T05:27:21Z,@poojasonawane9109,Iv5WtCpWt-c,702896399302797936973937979397,2024-03-20T05:27:21Z,,neutral
2023-02-18T11:04:58Z,@user-qb6xb8xt8q,Iv5WtCpWt-c,üëçüëçüëç,2023-02-18T11:04:58Z,,neutral
2021-09-01T16:01:22Z,@Kishore_77,Iv5WtCpWt-c,Present LPG  cylinder weight is 32kilograms. please reduce the weight to 18kgs. Fiber cylinders were proposed but did not come into effect. Many consumers can bear the cost of fiber cylinders. Delivery boys face trouble they have to deliver the cylinders in firstfloor in some cases. Many consumers also face problem due to its weight please consider reducing weight of cylinders.,2021-09-01T16:01:22Z,present lpg cylinder weight kilograms please reduce weight kgs fiber cylinders proposed come effect many consumers bear cost fiber cylinders delivery boys face trouble deliver cylinders firstfloor cases many consumers also face problem due weight please consider reducing weight cylinders,positive
2021-02-07T13:47:53Z,@bhskrbr4,Iv5WtCpWt-c,"Sir 
I am Live in Delhi Gas Subsidy Ni Arha He ?? pelican Gas Agency He Hmara",2021-02-07T13:47:53Z,sir live delhi gas subsidy ni arha pelican gas agency hmara,positive
2020-08-24T12:51:33Z,@devendraakre6158,Iv5WtCpWt-c,"Sir, hamme to home delivery hotihi nahi. Agency wale chutya banana ka kaam karte hain. Kai saalo se hamme khud jaana padhata hain cylinder laane ke liye.",2020-08-24T12:51:33Z,sir hamme home delivery hotihi nahi agency wale chutya banana ka kaam karte hain kai saalo se hamme khud jaana padhata hain cylinder laane ke liye,neutral
2021-07-28T07:50:50Z,@aryanpatle97,Iv5WtCpWt-c,Online complaint kar problem solved our dilivery charges bhi nahi Dena padega,2021-07-28T07:50:50Z,online complaint kar problem solved dilivery charges bhi nahi dena padega,negative
2020-06-03T11:02:43Z,@brijbhushankushvaha670,Iv5WtCpWt-c,"Sir, gas agency pr kya kya facilities provide hota hai",2020-06-03T11:02:43Z,sir gas agency pr kya kya facilities provide hota hai,neutral
2020-05-06T02:48:18Z,@sharvanshreevlogs3732,Iv5WtCpWt-c,Nice information,2020-05-06T02:48:18Z,nice information,positive
2020-01-06T02:53:15Z,@mohannadar8u873,Iv5WtCpWt-c,"Chutiya HP Gas 
My money is stuck
I have to pay cash 
Kindly ignore online chutiyagiri guys",2020-01-06T02:53:36Z,chutiya hp gas money stuck pay cash kindly ignore online chutiyagiri guys,positive
2019-10-29T20:23:41Z,@sagarbarwal19,Iv5WtCpWt-c,Nice video #SagarBarwal,2019-10-29T20:23:41Z,nice video sagarbarwal,positive
2023-08-24T17:04:16Z,@vibv294,r0x1mSPmw44,1:33,2023-08-24T17:04:16Z,,neutral
2021-03-17T15:53:32Z,@sapatiknam,r0x1mSPmw44,Hp gas pe registration kita kiya hai par abhi tak mujhe activation link nahi bheja ab mein kya karu,2021-03-17T15:53:32Z,hp gas pe registration kita kiya hai par abhi tak mujhe activation link nahi bheja ab mein kya karu,neutral
2020-12-13T16:32:00Z,@myfamilynfriends,r0x1mSPmw44,HOW TO MAKE ONLINE PAYMENT FOR BHARAT GAS,2020-12-13T16:32:00Z,make online payment bharat gas,neutral
2020-05-03T07:46:32Z,@neerumathur331,r0x1mSPmw44,Kya payment ussi bank se krna hoga jo linked hai gas se,2020-05-03T07:46:32Z,kya payment ussi bank se krna hoga jo linked hai gas se,neutral
2020-04-28T03:18:25Z,@blackpinkinurarea7050,r0x1mSPmw44,Payment receipt kaise milegi,2020-04-28T03:18:25Z,payment receipt kaise milegi,neutral
2019-11-24T11:32:54Z,@bidyutd52,r0x1mSPmw44,‡§π‡§Æ‡§æ‡§∞‡•á ‡§Ø‡§π‡§æ‡§Ç online nehi chalta,2019-11-24T11:32:54Z,online nehi chalta,neutral
2019-11-09T10:06:50Z,@sukdebpoddar7152,r0x1mSPmw44,Extra charges taken for online payment for  Indane Gas Booking.,2019-11-09T10:06:50Z,extra charges taken online payment indane gas booking,neutral
2019-10-23T03:30:02Z,@jayshree2873,r0x1mSPmw44,‡§ë‡§®‡§≤‡§æ‡§á‡§® ‡§™‡•á‡§Æ‡•á‡§Ç‡§ü ‡§ï‡§∞‡§®‡•á ‡§™‡§∞ ‡§ë‡§´‡§ø‡§∏ ‡§™‡§∞ ‡§ú‡§æ‡§®‡§æ ‡§™‡§°‡§º‡§§‡§æ ‡§π‡•à ‡§¨‡§æ‡§ü‡§≤‡§æ ‡§≤‡•á‡§®‡•á ‡§ï‡•á ‡§≤‡§ø‡§è ‡§°‡§ø‡§≤‡•Ä‡§µ‡§∞ ‡§¨‡•â‡§Ø ‡§°‡§ø‡§≤‡•Ä‡§µ‡§∞‡•Ä ‡§®‡§π‡•Ä‡§Ç ‡§ï‡§∞‡§§‡§æ ‡§π‡•à ‡§ï‡•Å‡§õ ‡§≠‡•Ä ‡§¶‡§ø‡§ñ‡§æ‡§ì digital India ‡§ï‡•à‡§∏‡•á ‡§¨‡§®‡•á‡§ó‡§æ,2019-10-23T03:35:15Z,digital india,neutral
2019-08-30T08:04:07Z,@mdnaushadali863,r0x1mSPmw44,"Login Karne ke liye ID banana padega but ID banega kese sir 
Please bataeye",2019-08-30T08:04:07Z,login karne ke liye id banana padega id banega kese sir please bataeye,neutral
2018-10-31T05:13:45Z,@sunila6539,r0x1mSPmw44,I applied for new connection but the distributor is not providing the connection. Asked me if I want to buy stove. When I denied he told me to go to indane or Bharat gas,2018-10-31T05:13:45Z,applied new connection distributor providing connection asked want buy stove denied told go indane bharat gas,positive
2018-10-31T05:14:18Z,@sunila6539,r0x1mSPmw44,"Shakthi gas distributor, Bangalore",2018-10-31T05:14:18Z,shakthi gas distributor bangalore,neutral
2018-10-17T11:03:22Z,@gajendragiri7820,r0x1mSPmw44,"I am Indane user, not show online/cash on delivery option.",2018-10-17T11:03:22Z,indane user show onlinecash delivery option,neutral
2018-07-17T14:01:09Z,@lsr5230,r0x1mSPmw44,"I have forgotten my old e mail Id ,unable to log in .  useless video /apps",2018-07-17T14:01:09Z,forgotten old e mail id unable log useless video apps,negative
2018-07-06T11:41:53Z,@burhanuddinpatel8934,r0x1mSPmw44,Sir main bhi Bharat Gas pay online payment kiya tha aur payment karne ke baad Bhi Mujhe Slender nahi Dege aur distributor bolta hai payment nahi aata Main Kya Karoon,2018-07-06T11:41:53Z,sir main bhi bharat gas pay online payment kiya tha aur payment karne ke baad bhi mujhe slender nahi dege aur distributor bolta hai payment nahi aata main kya karoon,positive
2018-01-31T09:02:41Z,@dadasahebborade3283,r0x1mSPmw44,Password kise binaye,2018-01-31T09:02:41Z,password kise binaye,neutral
2017-11-09T14:13:13Z,@bikashsharma21,r0x1mSPmw44,Subcribed me4 more,2017-11-09T14:13:13Z,subcribed,neutral
2017-09-20T18:39:03Z,@manojram9539,r0x1mSPmw44,Maine sign up Kiya Tha lekin email or password abhi Tak Aya nahi so please reply me Sir,2017-09-20T18:39:03Z,maine sign kiya tha lekin email password abhi tak aya nahi please reply sir,neutral
2017-07-04T04:51:31Z,@ramenderkundu,r0x1mSPmw44,SIR online booking kaa option nhi aa raha hai.phele to aata tha ab kyu nhi aa rha plz rply Ans???,2017-07-04T04:51:31Z,sir online booking kaa option nhi aa raha haiphele aata tha ab kyu nhi aa rha plz rply ans,neutral
2017-01-06T11:41:44Z,@awadheshsingh5261,r0x1mSPmw44,"Today , i tried enough to book LPG on online ,i got passsword , i made attempt 6 times  but proved futiled . why so happened ? who will let me know ? I booked by mobile .",2017-01-06T11:41:44Z,today tried enough book lpg online got passsword made attempt times proved futiled happened let know booked mobile,neutral
2017-03-24T08:17:05Z,@KD-em5wz,r0x1mSPmw44,how to login in this,2017-03-24T08:17:05Z,login,neutral
2017-03-24T08:17:31Z,@KD-em5wz,r0x1mSPmw44,plz suggest how to generate username password,2017-03-24T08:17:31Z,plz suggest generate username password,neutral
2017-01-03T15:25:07Z,@GuruBlogs1,r0x1mSPmw44,"i registered in hpgas.....but i am not able see to the online payment option... dont no why....

is it because i did booking through phone ?",2017-01-03T15:25:07Z,registered hpgasbut able see online payment option dont booking phone,positive
2016-12-22T12:17:14Z,@karanamseetaramaraoseetara9464,r0x1mSPmw44,SAVE  INDIA  BLOCK MONY,2016-12-22T12:17:14Z,save india block mony,neutral
2016-12-22T12:16:24Z,@karanamseetaramaraoseetara9464,r0x1mSPmw44,I AM VERY HAPPY,2016-12-22T12:16:24Z,happy,positive
2016-06-29T07:49:21Z,@ravirajdhiria,r0x1mSPmw44,How do I make online payment for booking my refill? Also your website myhpgas.in is not opening up. Refer screen shot below:,2016-06-29T07:49:21Z,make online payment booking refill also website myhpgasin opening refer screen shot,neutral
2016-09-22T20:11:21Z,@abusahil22,r0x1mSPmw44,http://myhpgas.in/myHPGas/Login.aspx,2016-09-22T20:11:21Z,httpmyhpgasinmyhpgasloginaspx,neutral
2024-02-19T03:33:35Z,@poonamkumari9566,NLRJcG4BiK8,"This is all nonsense,no services is available within two hours,the entire cylinder gets emptied but no one comes",2024-02-19T03:33:35Z,nonsenseno services available within two hoursthe entire cylinder gets emptied one comes,positive
2024-02-18T02:16:37Z,@poonampoddar8683,NLRJcG4BiK8,"Does not work... It's only for name. Calling continuously since 6o'clock. It's 7:46 now.
Worst experience.",2024-02-18T02:16:37Z,work name calling continuously since oclock worst experience,negative
2024-02-18T03:15:29Z,@Hindustanpetroleum74,NLRJcG4BiK8,"Hi, Kindly elaborate on your exact concern in order for us to assist you better.",2024-02-18T03:15:29Z,hi kindly elaborate exact concern order us assist better,positive
2024-03-03T10:00:13Z,@Hindustanpetroleum74,NLRJcG4BiK8,"Hi, We are awaiting your response. Kindly share the details sought for a timely resolution. Thank you.",2024-03-03T10:00:13Z,hi awaiting response kindly share details sought timely resolution thank,positive
2022-11-19T14:15:12Z,@user-ttyf11dj0l,NLRJcG4BiK8,Emergency no 112,2022-11-19T14:15:12Z,emergency,neutral
2022-11-14T12:35:40Z,@tkkohli4726,NLRJcG4BiK8,Toll free number & this number does not work,2022-11-14T12:35:40Z,toll free number number work,positive
2022-09-28T09:10:34Z,@ashwinshetty2826,NLRJcG4BiK8,This helpline number doesn't work,2022-09-28T09:10:34Z,helpline number doesnt work,neutral
2022-09-20T01:15:08Z,@dhoulathbegum5129,NLRJcG4BiK8,Sir ‡Æï‡Ææ‡Æ≤‡Øç ‡Æ™‡Æø‡Æ∏‡Æø‡ÆØ‡Ææ‡Æï ‡Æá‡Æ∞‡ØÅ‡Æï‡Øç‡Æï‡Æø‡Æ±‡Æ§‡ØÅ. ‡Æá‡Æ∞‡Æ£‡Øç‡Æü‡ØÅ ‡Æ®‡Ææ‡Æ≥‡Ææ‡Æï ‡ÆÆ‡ØÅ‡ÆØ‡Æ±‡Øç‡Æö‡Æø ‡Æ™‡Æ£‡Øç‡Æ£‡Æø ‡Æï‡Øä‡Æ£‡Øç‡Æü‡ØÅ ‡Æ§‡Ææ‡Æ©‡Øç ‡Æá‡Æ∞‡ØÅ‡Æï‡Øç‡Æï‡Æø‡Æ±‡Øá‡Æ©‡Øç. ‡Æö‡Æø‡Æ≤‡Æø‡Æ£‡Øç‡Æü‡Æ∞‡Øç ‡Æï‡Øá‡Æ∏‡Øç ‡Æá‡Æ∞‡Æ£‡Øç‡Æü‡ØÅ‡ÆÆ‡Øç ‡Æ≤‡ØÄ‡Æï‡Øç ‡ÆÜ‡Æï‡Æø ‡Æï‡Øä‡Æ£‡Øç‡Æü‡ØÅ ‡Æ§‡Ææ‡Æ©‡Øç ‡Æá‡Æ∞‡ØÅ‡Æï‡Øç‡Æï‡Æø‡Æ±‡Æ§‡ØÅ. ‡Æπ‡ØÜ‡Æ≤‡Øç‡Æ™‡Øç ‡Æ™‡Æ£‡Øç‡Æ£‡ØÅ‡Æô‡Øç‡Æï. . Immediately Action pls.,2022-09-20T01:15:08Z,sir immediately action pls,positive
2022-07-31T09:22:19Z,@amitbhardwaj3229,NLRJcG4BiK8,It is not working,2022-07-31T09:22:19Z,working,neutral
2022-03-10T14:01:54Z,@mohamedaleem4645,NLRJcG4BiK8,Doesn't get connected and of gets connected also no reaponse,2022-03-10T14:01:54Z,doesnt get connected gets connected also reaponse,neutral
2022-02-19T08:58:50Z,@shraddharathod4768,NLRJcG4BiK8,Just they have given the no. No one is answering the cals ....they dont care about anyone,2022-02-19T08:58:50Z,given one answering cals dont care anyone,neutral
2021-10-06T08:08:44Z,@prathapkumargandham7612,NLRJcG4BiK8,Print this number on Gas cylinder as emergency contact is good and help ful for need people.,2021-10-06T08:08:44Z,print number gas cylinder emergency contact good help ful need people,positive
2021-09-15T06:58:32Z,@kallemprabhakarreddyy9793,NLRJcG4BiK8,This number working,2021-09-15T06:58:32Z,number working,neutral
2021-09-15T06:57:30Z,@kallemprabhakarreddyy9793,NLRJcG4BiK8,Super,2021-09-15T06:57:30Z,super,positive
2021-08-26T13:48:26Z,@dhaneshk4917,NLRJcG4BiK8,this never works... try it,2021-08-26T13:48:26Z,never works try,neutral
2022-11-14T12:34:34Z,@tkkohli4726,NLRJcG4BiK8,This number does not work,2022-11-14T12:34:34Z,number work,neutral
2021-08-18T18:03:08Z,@sulagnadas5785,NLRJcG4BiK8,This no do work. you need to try 2-3 times.,2021-08-18T18:03:08Z,work need try times,neutral
2021-07-14T10:24:03Z,@kamalchatterjee2696,NLRJcG4BiK8,"My gas cylinder leakage is found one day after delivery.
Name &Address-
 S  Chatterjee.25,dhakuria station lane .Dhakuria 
kolkata-700031 ph-9831340250
 ***SV NO-37549
****LT-11922
LT Distrbutor.jodhpur park kolkata-700068",2021-07-14T10:24:03Z,gas cylinder leakage found one day delivery name address chatterjeedhakuria station lane dhakuria kolkata ph sv lt lt distrbutorjodhpur park kolkata,neutral
2021-07-11T04:59:09Z,@ravibharti5538,NLRJcG4BiK8,This number is not working...üò†,2021-07-11T04:59:09Z,number working,neutral
2021-08-25T14:46:25Z,@ADSN1504,NLRJcG4BiK8,Working la than iruku 3 time trail pannaum,2021-08-25T14:46:25Z,working la iruku time trail pannaum,neutral
2021-05-12T16:11:12Z,@birendas4143,NLRJcG4BiK8,Booking gas could deliverd,2021-05-12T16:11:12Z,booking gas could deliverd,neutral
2018-08-15T00:45:12Z,@RohitKshirsagar,NLRJcG4BiK8,"This number does not work.
I tried calling from my Mobile.
Do I need to add something before 1906 while dialling from mobile ?",2018-08-15T00:46:50Z,number work tried calling mobile need add something dialling mobile,neutral
2021-03-14T22:24:54Z,@ranjeetgharge3771,csRlPw8TE14,"Hello, My name is Er.Ranjeet Gharge, i required SUMO Hp gass service at Naigaon mumbai, Maharashtra for my production heating oven unit, please  contact me: +919607442060",2021-03-14T22:24:54Z,hello name erranjeet gharge required sumo hp gass service naigaon mumbai maharashtra production heating oven unit please contact,neutral
2019-12-31T16:22:39Z,@jaikishoreverma9859,csRlPw8TE14,Sir sumo ka dish mai banata hu  mera phone no 9910916892,2019-12-31T16:22:39Z,sir sumo ka dish mai banata hu mera phone,neutral
2019-12-31T16:19:31Z,@jaikishoreverma9859,csRlPw8TE14,Hi,2019-12-31T16:19:31Z,hi,neutral
2020-08-24T06:29:42Z,@angeddie2720,Y6TiUZ5AtXE,"WE CAN HELP YOU TRACE THE ACTUAL LOCATION OF THE PERSON AND DO WHATEVER YOU REQUEST

TO THE PERSONS COMPUTER IS ANYONE BLACKMAILING YOU ONLINE AND YOU WANT

US TO GET INTO THEIR COMPUTER AND DESTROY DATA AND EVIDENCES AGAINST

YOU? If you need a hacking service that is not listed, feel free to

contact me at: monitorywizard247 @ gmail com or whatsapp +19172750978",2020-08-24T06:29:42Z,help trace actual location person whatever request persons computer anyone blackmailing online want us get computer destroy data evidences need hacking service listed feel free contact monitorywizard gmail com whatsapp,positive
2020-06-30T16:47:09Z,@pratikshinde9551,Y6TiUZ5AtXE,Can u please shar safety points check in Hp raizor gas,2020-06-30T16:47:09Z,u please shar safety points check hp raizor gas,neutral
2019-12-20T12:06:17Z,@md.imranalam8743,Y6TiUZ5AtXE,"Hp razor gas Sangli Maharashtra me kaha milega??
Koi contact number share kare",2019-12-20T12:06:17Z,hp razor gas sangli maharashtra kaha milega koi contact number share kare,neutral
2019-12-20T12:06:51Z,@md.imranalam8743,Y6TiUZ5AtXE,Please reply,2019-12-20T12:06:51Z,please reply,neutral
2022-12-26T16:34:28Z,@krishnamurali8925,Y6TiUZ5AtXE,Sir we will be contacting you soon. Please share your number,2022-12-26T16:34:28Z,sir contacting soon please share number,neutral
2019-05-03T05:00:54Z,@RakeshSingh-uy2jo,Y6TiUZ5AtXE,Great,2019-05-03T05:00:54Z,great,positive
2019-10-02T02:11:05Z,@mdnurislam2920,C_K-8NFJdBA,Imo number din,2019-10-02T02:11:05Z,imo number din,neutral
2019-05-03T04:50:51Z,@RakeshSingh-uy2jo,C_K-8NFJdBA,Great,2019-05-03T04:50:51Z,great,positive
2020-01-07T14:57:18Z,@devaraju8865,MaQx_hhxnYA,Can i change my account number,2020-01-07T14:57:18Z,change account number,neutral
2018-07-19T02:42:25Z,@ratneshwardevkar1071,n_EdmY97-gk,gas ke liya 300 rupy le rahe hai ya sahi hai,2018-07-19T02:42:25Z,gas ke liya rupy le rahe hai ya sahi hai,neutral
2017-07-02T20:08:08Z,@prakritibasu8709,n_EdmY97-gk,These policies are solely created to control and humble women.,2017-07-02T20:08:08Z,policies solely created control humble women,negative
2017-07-02T20:06:40Z,@prakritibasu8709,n_EdmY97-gk,"Mahilao Ko mila Samman? Kya mahilao ki jagah rasoi ghar me hai? Gas cylinder ki suvidha kar dene se kya mahilao Ko samman milega? Unko school bhejne ka prayatna kare, achi padhayi, surakshit vatavaran, achi naukri, aur admiyon ke barabar banaye.. tabhi mahilao ko samman milega.",2017-07-02T20:06:40Z,mahilao ko mila samman kya mahilao ki jagah rasoi ghar hai gas cylinder ki suvidha kar dene se kya mahilao ko samman milega unko school bhejne ka prayatna kare achi padhayi surakshit vatavaran achi naukri aur admiyon ke barabar banaye tabhi mahilao ko samman milega,neutral
2018-04-14T16:55:47Z,@Nehasatendra39,n_EdmY97-gk,Prakriti Basu suru se suruat hogi kisi ne itna socha ni kiya ye kya km h,2018-04-14T16:55:47Z,prakriti basu suru se suruat hogi kisi ne itna socha ni kiya ye kya km h,neutral
2017-05-19T09:30:00Z,@dhanrajmalawe1049,n_EdmY97-gk,Sirji 1no,2017-05-19T09:30:00Z,sirji,neutral
2016-06-17T08:29:50Z,@alokdravid6959,n_EdmY97-gk,is yojana ko kya me apne gao me chala sakta hu kyo ki mere gao me koi itna computer ke bare me nhi janta hai,2016-06-17T08:29:50Z,yojana ko kya apne gao chala sakta hu kyo ki mere gao koi itna computer ke bare nhi janta hai,negative
2016-04-28T06:50:40Z,@birbalyadav9573,n_EdmY97-gk,Good yojana,2016-04-28T06:50:40Z,good yojana,positive
2016-04-27T06:50:37Z,@harish23537,n_EdmY97-gk,Good,2016-04-27T06:50:37Z,good,positive
2018-05-20T08:21:19Z,@abhaykumarabhaykumar6389,XONtd4C8WrE,abhay Kumar,2018-05-20T08:21:19Z,abhay kumar,neutral
2019-05-25T08:49:08Z,@Devtoufik,wZtdUmfWEgg,KOBE CHALO HOBE MODI KA  PUMY YAJANA WEST BENGAL,2019-05-25T08:49:08Z,kobe chalo hobe modi ka pumy yajana west bengal,neutral
2023-08-09T14:59:01Z,@rakeshmishra7803,uVQZ4lme45c,üëåüëåüëçüëç,2023-08-09T14:59:01Z,,neutral
2023-05-29T15:04:09Z,@tsodera,uVQZ4lme45c,"‡§®‡§æ‡§Æ ‡§¨‡§°‡•á ‡§î‡§∞ ‡§¶‡§∞‡•ç‡§∂‡§® ‡§õ‡•ã‡§ü‡•á 
Hppay app ‡§Æ‡§§ ‡§á‡§∏‡•ç‡§§‡•á‡§Æ‡§æ‡§≤ ‡§ï‡•Ä‡§ú‡§ø‡§è",2023-05-29T15:04:09Z,hppay app,neutral
2023-02-19T09:20:06Z,@PriyankasMusicalZone,uVQZ4lme45c,Congratulations bro üëç,2023-02-19T09:20:06Z,congratulations bro,neutral
2023-02-20T03:02:24Z,@_vikramsharma11,uVQZ4lme45c,Thankyou ‚ò∫Ô∏è,2023-02-20T03:02:24Z,thankyou,neutral
2023-02-19T09:19:34Z,@PriyankasMusicalZone,uVQZ4lme45c,Good job üëåüëåüëè,2023-02-19T09:19:34Z,good job,positive
2023-02-18T17:42:20Z,@sheetalkarmakar2348,uVQZ4lme45c,Congratulations Hrithik ‚ù§Ô∏èüôå,2023-02-18T17:42:20Z,congratulations hrithik,neutral
2023-02-19T08:35:58Z,@_vikramsharma11,uVQZ4lme45c,Thankyou ‚ò∫Ô∏è,2023-02-19T08:35:58Z,thankyou,neutral
2023-02-14T14:53:21Z,@Technical.Gyan2,uVQZ4lme45c,"HP gas sellers don't give home delivery, so what other service will they provide?",2023-02-14T14:53:21Z,hp gas sellers dont give home delivery service provide,neutral
2023-02-14T14:51:07Z,@Technical.Gyan2,uVQZ4lme45c,My experience with HP gas has not been good.,2023-02-14T14:51:07Z,experience hp gas good,positive
2024-06-21T04:23:22Z,@THLPG,TIVIFfRqbgU,"Hi Dear, we are professional LPG Gas Cylinder Production factory manufacturer. If you're considering to produce lpg cylinders by your own, we can help",2024-06-21T04:23:22Z,hi dear professional lpg gas cylinder production factory manufacturer youre considering produce lpg cylinders help,positive
2024-05-30T05:34:30Z,@kikyzulkarnaen4443,TIVIFfRqbgU,"Fantastic, how much? Will you send the profile by email ?",2024-05-30T05:34:30Z,fantastic much send profile email,positive
2024-04-09T18:08:56Z,@Theyashgoyal,TIVIFfRqbgU,Price?,2024-04-09T18:08:56Z,price,neutral
2024-03-12T17:52:28Z,@user-hb8jz1yo4r,TIVIFfRqbgU,ROHITASH HP KG609990 HP GAS BURJA,2024-03-12T17:52:28Z,rohitash hp kg hp gas burja,neutral
2024-02-14T10:10:26Z,@kiranpatil2943,TIVIFfRqbgU,HP ‡§ï‡§Ç‡§™‡§®‡•Ä ‡§ü‡•ã‡§≤ ‡§´‡•ç‡§∞‡•Ä ‡§®‡§Ç‡§¨‡§∞,2024-02-14T10:10:26Z,hp,neutral
2024-02-01T06:52:31Z,@sushmasinghkisibhibdestark9170,TIVIFfRqbgU,Kaisay.aa.raha.hae.bhhre,2024-02-01T06:52:31Z,kaisayaarahahaebhhre,neutral
2024-02-01T06:51:57Z,@sushmasinghkisibhibdestark9170,TIVIFfRqbgU,House.food,2024-02-01T06:51:57Z,housefood,neutral
2024-02-01T06:51:47Z,@sushmasinghkisibhibdestark9170,TIVIFfRqbgU,Wood.,2024-02-01T06:51:47Z,wood,neutral
2023-06-24T13:34:18Z,@ankurgupta4264,TIVIFfRqbgU,"‚ò∫Ô∏èGood to see that Machine is working fine.
We had done it successfully.
üôèüèªThanks for HPCL Nashik to support us.",2023-06-24T13:34:18Z,good see machine working fine done successfully thanks hpcl nashik support us,positive
2023-05-11T19:54:39Z,@JT-zl8yp,TIVIFfRqbgU,expand this robotic loading system everywhere in india as soon as possible,2023-05-11T19:54:39Z,expand robotic loading system everywhere india soon possible,negative
2023-03-10T08:12:25Z,@dk_2550official,TIVIFfRqbgU,"Aap ke gas me pani nikalta hai.
IOCL AUR BPCL KEE TULNA ME KAM CHALTI HAI HP GAS.",2023-03-10T08:12:25Z,aap ke gas pani nikalta hai iocl aur bpcl kee tulna kam chalti hai hp gas,neutral
2023-02-27T09:37:56Z,@JAATRAMKISHOR,TIVIFfRqbgU,Fantastic,2023-02-27T09:37:56Z,fantastic,positive
2024-02-22T05:14:44Z,@AmareshwarBhat800,qL9bwYT_Cps,"Haha. This gas agencies don't tell about price. They ask delivery amount while delivering. But in invoice it's mentioned as free.

Corrupted gas agencies. Jaago bharat jaago",2024-02-22T05:15:15Z,haha gas agencies dont tell price ask delivery amount delivering invoice mentioned free corrupted gas agencies jaago bharat jaago,positive
2024-01-11T17:25:46Z,@statuscreation0101,qL9bwYT_Cps,"Hello sir, can we buy the suraksha gas pipe from any other retailers or not?
Please explain why or why not?",2024-01-11T17:25:46Z,hello sir buy suraksha gas pipe retailers please explain,neutral
2023-12-23T09:13:00Z,@AafrinShaikh31,qL9bwYT_Cps,Agency ka number kaha se le,2023-12-23T09:13:00Z,agency ka number kaha se le,neutral
2023-12-06T21:13:49Z,@wilsonwilla2237,qL9bwYT_Cps,How to contact HP gas for change of suraksha hose,2023-12-06T21:13:49Z,contact hp gas change suraksha hose,neutral
2023-12-07T07:56:11Z,@Hindustanpetroleum74,qL9bwYT_Cps,"Dear Customer, Please private message us your detailed query along with your 17-digit LPG ID, consumer number, agency name, district, location, and your registered contact number on our official FB Page: http://m.me/hpcl or DM us on Twitter https://twitter.com/messages/compose?recipient_id=838752044144070658. We will connect with you to address your concerns.",2023-12-07T07:56:11Z,dear customer please private message us detailed query along digit lpg id consumer number agency name district location registered contact number official fb page httpmmehpcl dm us twitter httpstwittercommessagescomposerecipientid connect address concerns,positive
2024-05-23T05:25:35Z,@sajidahmed2950,qL9bwYT_Cps,‚Äã@@Hindustanpetroleum74suraksha hose ke under jo pipe lena jaruri hai wo pipe free hai ya uske liye paisa dena parega,2024-05-23T05:25:35Z,hindustanpetroleumsuraksha hose ke jo pipe lena jaruri hai wo pipe free hai ya uske liye paisa dena parega,positive
2023-11-19T02:24:49Z,@sachins117,qL9bwYT_Cps,Who is the lady in video?can I please know....we are looking for ad performersüôå,2023-11-19T02:26:45Z,lady videocan please knowwe looking ad performers,neutral
2023-12-18T12:03:12Z,@user-pt2ln7fe3e,qL9bwYT_Cps,Nice try üòÇüòÇüòÇüòÇ,2023-12-18T12:03:12Z,nice try,positive
2023-12-19T03:32:16Z,@sachins117,qL9bwYT_Cps,@@user-pt2ln7fe3e üòÇü§£üòÇ,2024-06-18T04:21:10Z,userptlnfee,neutral
2023-11-16T02:27:32Z,@AbhiShek-nw5vt,qL9bwYT_Cps,Is this free?,2023-11-16T02:27:32Z,free,positive
2023-10-02T14:06:07Z,@brijsarajput6463,qL9bwYT_Cps,Good üëç üëç üëç,2023-10-02T14:06:07Z,good,positive
2023-07-11T18:34:10Z,@vinoopktc1588,qL9bwYT_Cps,Price,2023-07-11T18:34:10Z,price,neutral
2023-06-24T03:11:21Z,@mukulthakur9723,qL9bwYT_Cps,Is it compulsory to buy this if we already have a strong pipe ü§îü§î,2023-06-24T03:11:21Z,compulsory buy already strong pipe,positive
2023-12-06T17:01:58Z,@deveshsingh..,qL9bwYT_Cps,Chutiya butiya hai kya Bhai tu kaise baat kar rha hai education is most important nahi toh tum jaise gadhe kya sochte hai üòÇ,2023-12-06T17:01:58Z,chutiya butiya hai kya bhai tu kaise baat kar rha hai education important nahi toh tum jaise gadhe kya sochte hai,positive
2023-12-19T11:39:16Z,@saini786100,qL9bwYT_Cps,No,2023-12-19T11:39:16Z,,neutral
2023-01-18T05:33:31Z,@shinistuvert103,qL9bwYT_Cps,GREETINGS **********************,2023-01-18T05:33:31Z,greetings,neutral
2023-01-12T07:57:09Z,@architarya7725,qL9bwYT_Cps,Keep Growing HP,2023-01-12T07:57:09Z,keep growing hp,neutral
2023-01-11T14:35:54Z,@Mokibul9733,qL9bwYT_Cps,Op,2023-01-11T14:35:54Z,op,neutral
2023-01-11T13:10:15Z,@pritijha8115,qL9bwYT_Cps,üëçüëçüëç,2023-01-11T13:10:15Z,,neutral
2023-01-11T12:34:28Z,@TechnicalNadaf,qL9bwYT_Cps,üëåüëåüëåüëå,2023-01-11T12:34:28Z,,neutral
